order_id,customer_id,order_date,product_id,product_name,category,brand,quantity,unit_price,discount_percentage,order_amount,product_rating
ORD_00001,CUST_0027,2026-03-20,78,Apple MacBook Pro 14 Inch Space Grey,laptops,Apple,4,1999.99,4.69,7624.76,3.65
ORD_00002,CUST_0130,2026-05-06,86,Man Short Sleeve Shirt,mens-shirts,Casual Comfort,1,19.99,6.83,18.62,2.9
ORD_00003,CUST_0061,2026-06-25,10,Gucci Bloom Eau de,fragrances,Gucci,3,79.99,14.39,205.44,2.74
ORD_00004,CUST_0221,2026-05-22,77,Yellow Peeler,kitchen-accessories,Unknown,4,5.99,12.48,20.97,4.24
ORD_00005,CUST_0154,2026-03-23,13,Bedside Table African Cherry,furniture,Furniture Co.,5,299.99,19.09,1213.61,2.87
ORD_00006,CUST_0151,2026-06-16,38,Rice,groceries,Unknown,1,5.99,9.29,5.43,3.18
ORD_00007,CUST_0235,2026-05-29,65,Lunch Box,kitchen-accessories,Unknown,3,12.99,10.34,34.94,4.93
ORD_00008,CUST_0164,2026-02-10,45,House Showpiece Plant,home-decoration,Unknown,3,39.99,7.46,111.02,4.67
ORD_00009,CUST_0028,2026-01-12,56,Electric Stove,kitchen-accessories,Unknown,5,49.99,14.04,214.86,4.11
ORD_00010,CUST_0258,2026-04-24,83,Blue & Black Check Shirt,mens-shirts,Fashion Trends,2,29.99,15.35,50.77,3.64
ORD_00011,CUST_0050,2026-03-05,76,Wooden Rolling Pin,kitchen-accessories,Unknown,4,11.99,9.75,43.28,2.92
ORD_00012,CUST_0021,2026-06-10,98,Rolex Submariner Watch,mens-watches,Rolex,3,13999.99,5.05,39878.97,2.69
ORD_00013,CUST_0204,2026-02-05,78,Apple MacBook Pro 14 Inch Space Grey,laptops,Apple,4,1999.99,4.69,7624.76,3.65
ORD_00014,CUST_0110,2026-01-08,47,Table Lamp,home-decoration,Unknown,3,49.99,7.09,139.34,3.55
ORD_00015,CUST_0164,2026-05-03,16,Apple,groceries,Unknown,4,1.99,12.62,6.96,4.19
ORD_00016,CUST_0277,2026-06-24,75,Tray,kitchen-accessories,Unknown,2,16.99,7.48,31.44,4.62
ORD_00017,CUST_0124,2026-03-08,33,Mulberry,groceries,Unknown,5,4.99,12.87,21.74,4.95
ORD_00018,CUST_0023,2026-02-04,47,Table Lamp,home-decoration,Unknown,4,49.99,7.09,185.78,3.55
ORD_00019,CUST_0139,2026-03-27,13,Bedside Table African Cherry,furniture,Furniture Co.,4,299.99,19.09,970.89,2.87
ORD_00020,CUST_0100,2026-05-01,23,Eggs,groceries,Unknown,3,2.99,11.05,7.98,2.53
ORD_00021,CUST_0283,2026-05-30,44,Family Tree Photo Frame,home-decoration,Unknown,1,29.99,14.87,25.53,4.53
ORD_00022,CUST_0189,2026-02-26,71,Silver Pot With Glass Cap,kitchen-accessories,Unknown,1,39.99,5.7,37.71,3.22
ORD_00023,CUST_0231,2026-05-25,84,Gigabyte Aorus Men Tshirt,mens-shirts,Gigabyte,3,24.99,0.94,74.27,3.18
ORD_00024,CUST_0253,2026-02-21,39,Soft Drinks,groceries,Unknown,5,1.99,17.48,8.21,4.75
ORD_00025,CUST_0072,2026-01-26,69,Plate,kitchen-accessories,Unknown,4,3.99,7.31,14.79,3.65
ORD_00026,CUST_0250,2026-01-02,20,Cooking Oil,groceries,Unknown,5,4.99,9.33,22.62,4.8
ORD_00027,CUST_0240,2026-04-30,79,Asus Zenbook Pro Dual Screen Laptop,laptops,Asus,4,1799.99,11.14,6397.88,3.95
ORD_00028,CUST_0142,2026-05-21,71,Silver Pot With Glass Cap,kitchen-accessories,Unknown,2,39.99,5.7,75.42,3.22
ORD_00029,CUST_0167,2026-04-13,46,Plant Pot,home-decoration,Unknown,3,14.99,6.84,41.89,3.01
ORD_00030,CUST_0012,2026-01-21,14,Knoll Saarinen Executive Conference Chair,furniture,Knoll,2,499.99,2.01,979.88,4.88
ORD_00031,CUST_0132,2026-03-26,67,Mug Tree Stand,kitchen-accessories,Unknown,4,15.99,9.25,58.04,2.64
ORD_00032,CUST_0257,2026-05-18,57,Fine Mesh Strainer,kitchen-accessories,Unknown,1,9.99,3.5,9.64,3.04
ORD_00033,CUST_0173,2026-04-10,64,Knife,kitchen-accessories,Unknown,3,14.99,18.86,36.49,3.26
ORD_00034,CUST_0028,2026-02-24,56,Electric Stove,kitchen-accessories,Unknown,4,49.99,14.04,171.89,4.11
ORD_00035,CUST_0181,2026-03-20,4,Red Lipstick,beauty,Chic Cosmetics,2,12.99,12.16,22.82,4.36
ORD_00036,CUST_0295,2026-03-15,22,Dog Food,groceries,Unknown,2,10.99,10.27,19.72,4.55
ORD_00037,CUST_0298,2026-02-12,86,Man Short Sleeve Shirt,mens-shirts,Casual Comfort,1,19.99,6.83,18.62,2.9
ORD_00038,CUST_0247,2026-02-20,6,Calvin Klein CK One,fragrances,Calvin Klein,5,49.99,1.89,245.23,4.37
ORD_00039,CUST_0276,2026-04-30,30,Kiwi,groceries,Unknown,3,2.49,15.22,6.33,4.93
ORD_00040,CUST_0038,2026-05-22,56,Electric Stove,kitchen-accessories,Unknown,3,49.99,14.04,128.91,4.11
ORD_00041,CUST_0299,2026-03-15,67,Mug Tree Stand,kitchen-accessories,Unknown,3,15.99,9.25,43.53,2.64
ORD_00042,CUST_0126,2026-01-31,82,New DELL XPS 13 9300 Laptop,laptops,Dell,2,1499.99,11.89,2643.28,2.67
ORD_00043,CUST_0101,2026-01-17,3,Powder Canister,beauty,Velvet Touch,1,14.99,9.84,13.51,4.64
ORD_00044,CUST_0232,2026-03-25,73,Spice Rack,kitchen-accessories,Unknown,4,19.99,12.09,70.29,4.87
ORD_00045,CUST_0216,2026-04-01,17,Beef Steak,groceries,Unknown,5,12.99,9.61,58.71,4.47
ORD_00046,CUST_0282,2026-05-06,16,Apple,groceries,Unknown,3,1.99,12.62,5.22,4.19
ORD_00047,CUST_0149,2026-03-10,45,House Showpiece Plant,home-decoration,Unknown,1,39.99,7.46,37.01,4.67
ORD_00048,CUST_0072,2026-04-24,31,Lemon,groceries,Unknown,4,0.79,9.7,2.85,3.53
ORD_00049,CUST_0183,2026-01-16,37,Red Onions,groceries,Unknown,5,1.99,9.9,8.96,4.2
ORD_00050,CUST_0103,2026-06-23,12,Annibale Colombo Sofa,furniture,Annibale Colombo,2,2499.99,14.4,4279.98,3.92
ORD_00051,CUST_0110,2026-05-06,91,Sports Sneakers Off White & Red,mens-shoes,Off White,3,119.99,4.97,342.08,4.77
ORD_00052,CUST_0138,2026-06-24,27,Honey Jar,groceries,Unknown,4,6.99,14.4,23.93,3.97
ORD_00053,CUST_0080,2026-05-10,78,Apple MacBook Pro 14 Inch Space Grey,laptops,Apple,2,1999.99,4.69,3812.38,3.65
ORD_00054,CUST_0237,2026-02-19,45,House Showpiece Plant,home-decoration,Unknown,4,39.99,7.46,148.03,4.67
ORD_00055,CUST_0024,2026-06-12,10,Gucci Bloom Eau de,fragrances,Gucci,3,79.99,14.39,205.44,2.74
ORD_00056,CUST_0039,2026-02-06,46,Plant Pot,home-decoration,Unknown,4,14.99,6.84,55.86,3.01
ORD_00057,CUST_0217,2026-04-15,31,Lemon,groceries,Unknown,5,0.79,9.7,3.57,3.53
ORD_00058,CUST_0165,2026-06-04,18,Cat Food,groceries,Unknown,3,8.99,9.58,24.39,3.13
ORD_00059,CUST_0006,2026-05-10,76,Wooden Rolling Pin,kitchen-accessories,Unknown,3,11.99,9.75,32.46,2.92
ORD_00060,CUST_0199,2026-04-23,44,Family Tree Photo Frame,home-decoration,Unknown,2,29.99,14.87,51.06,4.53
ORD_00061,CUST_0043,2026-04-27,59,Glass,kitchen-accessories,Unknown,1,4.99,7.92,4.59,4.02
ORD_00062,CUST_0189,2026-03-16,9,Dolce Shine Eau de,fragrances,Dolce & Gabbana,4,69.99,0.62,278.22,3.96
ORD_00063,CUST_0237,2026-03-30,5,Red Nail Polish,beauty,Nail Couture,1,8.99,11.44,7.96,4.32
ORD_00064,CUST_0057,2026-01-27,33,Mulberry,groceries,Unknown,4,4.99,12.87,17.39,4.95
ORD_00065,CUST_0204,2026-04-16,11,Annibale Colombo Bed,furniture,Annibale Colombo,1,1899.99,8.57,1737.16,4.77
ORD_00066,CUST_0239,2026-06-16,18,Cat Food,groceries,Unknown,2,8.99,9.58,16.26,3.13
ORD_00067,CUST_0297,2026-03-04,59,Glass,kitchen-accessories,Unknown,3,4.99,7.92,13.78,4.02
ORD_00068,CUST_0184,2026-01-05,60,Grater Black,kitchen-accessories,Unknown,2,10.99,3.56,21.2,3.21
ORD_00069,CUST_0046,2026-03-28,96,Rolex Cellini Moonphase,mens-watches,Rolex,3,12999.99,17.52,32167.18,2.58
ORD_00070,CUST_0141,2026-01-15,79,Asus Zenbook Pro Dual Screen Laptop,laptops,Asus,1,1799.99,11.14,1599.47,3.95
ORD_00071,CUST_0083,2026-03-30,49,Black Aluminium Cup,kitchen-accessories,Unknown,4,5.99,15.65,20.21,4.46
ORD_00072,CUST_0133,2026-04-13,94,Longines Master Collection,mens-watches,Longines,1,1499.99,17.24,1241.39,3.87
ORD_00073,CUST_0163,2026-02-18,48,Bamboo Spatula,kitchen-accessories,Unknown,5,7.99,2.84,38.82,3.27
ORD_00074,CUST_0287,2026-04-04,34,Nescafe Coffee,groceries,Unknown,3,7.99,1.59,23.59,4.82
ORD_00075,CUST_0255,2026-01-04,44,Family Tree Photo Frame,home-decoration,Unknown,2,29.99,14.87,51.06,4.53
ORD_00076,CUST_0110,2026-06-11,83,Blue & Black Check Shirt,mens-shirts,Fashion Trends,1,29.99,15.35,25.39,3.64
ORD_00077,CUST_0163,2026-04-10,15,Wooden Bathroom Sink With Mirror,furniture,Bath Trends,2,799.99,8.8,1459.18,3.59
ORD_00078,CUST_0095,2026-05-02,11,Annibale Colombo Bed,furniture,Annibale Colombo,4,1899.99,8.57,6948.64,4.77
ORD_00079,CUST_0036,2026-04-29,29,Juice,groceries,Unknown,2,3.99,12.06,7.02,3.94
ORD_00080,CUST_0220,2026-05-19,73,Spice Rack,kitchen-accessories,Unknown,5,19.99,12.09,87.87,4.87
ORD_00081,CUST_0097,2026-06-14,11,Annibale Colombo Bed,furniture,Annibale Colombo,4,1899.99,8.57,6948.64,4.77
ORD_00082,CUST_0293,2026-01-07,24,Fish Steak,groceries,Unknown,2,14.99,4.23,28.71,3.78
ORD_00083,CUST_0043,2026-03-08,56,Electric Stove,kitchen-accessories,Unknown,3,49.99,14.04,128.91,4.11
ORD_00084,CUST_0093,2026-05-26,83,Blue & Black Check Shirt,mens-shirts,Fashion Trends,3,29.99,15.35,76.16,3.64
ORD_00085,CUST_0289,2026-06-21,32,Milk,groceries,Unknown,2,3.49,13.74,6.02,2.61
ORD_00086,CUST_0191,2026-04-03,30,Kiwi,groceries,Unknown,4,2.49,15.22,8.44,4.93
ORD_00087,CUST_0272,2026-06-18,26,Green Chili Pepper,groceries,Unknown,5,0.99,1.0,4.9,3.66
ORD_00088,CUST_0055,2026-01-09,17,Beef Steak,groceries,Unknown,3,12.99,9.61,35.22,4.47
ORD_00089,CUST_0090,2026-06-28,44,Family Tree Photo Frame,home-decoration,Unknown,5,29.99,14.87,127.65,4.53
ORD_00090,CUST_0046,2026-05-15,90,Puma Future Rider Trainers,mens-shoes,Puma,1,89.99,4.2,86.21,4.9
ORD_00091,CUST_0254,2026-06-10,90,Puma Future Rider Trainers,mens-shoes,Puma,2,89.99,4.2,172.42,4.9
ORD_00092,CUST_0035,2026-02-26,52,Carbon Steel Wok,kitchen-accessories,Unknown,3,29.99,6.53,84.09,4.05
ORD_00093,CUST_0007,2026-04-30,78,Apple MacBook Pro 14 Inch Space Grey,laptops,Apple,2,1999.99,4.69,3812.38,3.65
ORD_00094,CUST_0124,2026-01-18,38,Rice,groceries,Unknown,5,5.99,9.29,27.17,3.18
ORD_00095,CUST_0221,2026-02-17,75,Tray,kitchen-accessories,Unknown,2,16.99,7.48,31.44,4.62
ORD_00096,CUST_0002,2026-02-13,94,Longines Master Collection,mens-watches,Longines,5,1499.99,17.24,6206.96,3.87
ORD_00097,CUST_0010,2026-05-30,13,Bedside Table African Cherry,furniture,Furniture Co.,1,299.99,19.09,242.72,2.87
ORD_00098,CUST_0268,2026-02-02,16,Apple,groceries,Unknown,4,1.99,12.62,6.96,4.19
ORD_00099,CUST_0111,2026-06-07,60,Grater Black,kitchen-accessories,Unknown,4,10.99,3.56,42.4,3.21
ORD_00100,CUST_0014,2026-02-25,20,Cooking Oil,groceries,Unknown,2,4.99,9.33,9.05,4.8
ORD_00101,CUST_0300,2026-06-24,78,Apple MacBook Pro 14 Inch Space Grey,laptops,Apple,2,1999.99,4.69,3812.38,3.65
ORD_00102,CUST_0150,2026-01-26,51,Boxed Blender,kitchen-accessories,Unknown,3,39.99,7.26,111.26,4.56
ORD_00103,CUST_0281,2026-02-11,2,Eyeshadow Palette with Mirror,beauty,Glamour Beauty,1,19.99,18.19,16.35,2.86
ORD_00104,CUST_0084,2026-05-02,14,Knoll Saarinen Executive Conference Chair,furniture,Knoll,1,499.99,2.01,489.94,4.88
ORD_00105,CUST_0291,2026-04-02,13,Bedside Table African Cherry,furniture,Furniture Co.,2,299.99,19.09,485.44,2.87
ORD_00106,CUST_0279,2026-04-15,70,Red Tongs,kitchen-accessories,Unknown,4,6.99,14.52,23.9,4.42
ORD_00107,CUST_0126,2026-05-25,20,Cooking Oil,groceries,Unknown,5,4.99,9.33,22.62,4.8
ORD_00108,CUST_0008,2026-05-14,72,Slotted Turner,kitchen-accessories,Unknown,1,8.99,13.35,7.79,3.4
ORD_00109,CUST_0248,2026-01-23,14,Knoll Saarinen Executive Conference Chair,furniture,Knoll,3,499.99,2.01,1469.82,4.88
ORD_00110,CUST_0171,2026-03-13,93,Brown Leather Belt Watch,mens-watches,Fashion Timepieces,1,89.99,5.99,84.6,4.19
ORD_00111,CUST_0292,2026-03-29,31,Lemon,groceries,Unknown,1,0.79,9.7,0.71,3.53
ORD_00112,CUST_0153,2026-06-22,67,Mug Tree Stand,kitchen-accessories,Unknown,2,15.99,9.25,29.02,2.64
ORD_00113,CUST_0157,2026-06-16,29,Juice,groceries,Unknown,5,3.99,12.06,17.54,3.94
ORD_00114,CUST_0150,2026-04-10,3,Powder Canister,beauty,Velvet Touch,3,14.99,9.84,40.54,4.64
ORD_00115,CUST_0045,2026-01-20,64,Knife,kitchen-accessories,Unknown,5,14.99,18.86,60.81,3.26
ORD_00116,CUST_0217,2026-03-17,15,Wooden Bathroom Sink With Mirror,furniture,Bath Trends,4,799.99,8.8,2918.36,3.59
ORD_00117,CUST_0002,2026-04-18,97,Rolex Datejust,mens-watches,Rolex,1,10999.99,3.73,10589.69,3.66
ORD_00118,CUST_0055,2026-05-25,94,Longines Master Collection,mens-watches,Longines,4,1499.99,17.24,4965.57,3.87
ORD_00119,CUST_0130,2026-05-22,47,Table Lamp,home-decoration,Unknown,4,49.99,7.09,185.78,3.55
ORD_00120,CUST_0255,2026-01-20,2,Eyeshadow Palette with Mirror,beauty,Glamour Beauty,4,19.99,18.19,65.42,2.86
ORD_00121,CUST_0087,2026-05-24,83,Blue & Black Check Shirt,mens-shirts,Fashion Trends,2,29.99,15.35,50.77,3.64
ORD_00122,CUST_0139,2026-04-06,24,Fish Steak,groceries,Unknown,2,14.99,4.23,28.71,3.78
ORD_00123,CUST_0230,2026-06-06,61,Hand Blender,kitchen-accessories,Unknown,5,34.99,17.02,145.17,3.86
ORD_00124,CUST_0227,2026-03-16,61,Hand Blender,kitchen-accessories,Unknown,2,34.99,17.02,58.07,3.86
ORD_00125,CUST_0036,2026-03-18,38,Rice,groceries,Unknown,5,5.99,9.29,27.17,3.18
ORD_00126,CUST_0035,2026-06-06,66,Microwave Oven,kitchen-accessories,Unknown,5,89.99,12.13,395.37,4.82
ORD_00127,CUST_0083,2026-02-14,46,Plant Pot,home-decoration,Unknown,3,14.99,6.84,41.89,3.01
ORD_00128,CUST_0081,2026-05-15,24,Fish Steak,groceries,Unknown,5,14.99,4.23,71.78,3.78
ORD_00129,CUST_0253,2026-01-19,82,New DELL XPS 13 9300 Laptop,laptops,Dell,5,1499.99,11.89,6608.21,2.67
ORD_00130,CUST_0265,2026-04-17,7,Chanel Coco Noir Eau De,fragrances,Chanel,3,129.99,16.51,325.59,4.26
ORD_00131,CUST_0108,2026-05-29,15,Wooden Bathroom Sink With Mirror,furniture,Bath Trends,1,799.99,8.8,729.59,3.59
ORD_00132,CUST_0096,2026-01-26,32,Milk,groceries,Unknown,5,3.49,13.74,15.05,2.61
ORD_00133,CUST_0275,2026-01-30,93,Brown Leather Belt Watch,mens-watches,Fashion Timepieces,3,89.99,5.99,253.8,4.19
ORD_00134,CUST_0047,2026-01-28,29,Juice,groceries,Unknown,3,3.99,12.06,10.53,3.94
ORD_00135,CUST_0137,2026-01-04,12,Annibale Colombo Sofa,furniture,Annibale Colombo,3,2499.99,14.4,6419.97,3.92
ORD_00136,CUST_0213,2026-02-01,6,Calvin Klein CK One,fragrances,Calvin Klein,1,49.99,1.89,49.05,4.37
ORD_00137,CUST_0250,2026-04-17,6,Calvin Klein CK One,fragrances,Calvin Klein,3,49.99,1.89,147.14,4.37
ORD_00138,CUST_0155,2026-03-12,69,Plate,kitchen-accessories,Unknown,5,3.99,7.31,18.49,3.65
ORD_00139,CUST_0249,2026-04-01,32,Milk,groceries,Unknown,5,3.49,13.74,15.05,2.61
ORD_00140,CUST_0221,2026-06-03,88,Nike Air Jordan 1 Red And Black,mens-shoes,Nike,4,149.99,4.12,575.24,4.77
ORD_00141,CUST_0161,2026-02-02,5,Red Nail Polish,beauty,Nail Couture,3,8.99,11.44,23.88,4.32
ORD_00142,CUST_0267,2026-02-14,24,Fish Steak,groceries,Unknown,2,14.99,4.23,28.71,3.78
ORD_00143,CUST_0193,2026-03-16,58,Fork,kitchen-accessories,Unknown,5,3.99,8.07,18.34,3.11
ORD_00144,CUST_0085,2026-03-09,5,Red Nail Polish,beauty,Nail Couture,1,8.99,11.44,7.96,4.32
ORD_00145,CUST_0278,2026-01-19,53,Chopping Board,kitchen-accessories,Unknown,5,12.99,8.03,59.73,3.7
ORD_00146,CUST_0028,2026-01-10,84,Gigabyte Aorus Men Tshirt,mens-shirts,Gigabyte,1,24.99,0.94,24.76,3.18
ORD_00147,CUST_0122,2026-01-18,93,Brown Leather Belt Watch,mens-watches,Fashion Timepieces,4,89.99,5.99,338.4,4.19
ORD_00148,CUST_0252,2026-06-12,85,Man Plaid Shirt,mens-shirts,Classic Wear,5,34.99,19.5,140.83,3.46
ORD_00149,CUST_0072,2026-05-25,98,Rolex Submariner Watch,mens-watches,Rolex,2,13999.99,5.05,26585.98,2.69
ORD_00150,CUST_0174,2026-04-26,78,Apple MacBook Pro 14 Inch Space Grey,laptops,Apple,4,1999.99,4.69,7624.76,3.65
ORD_00151,CUST_0185,2026-01-25,78,Apple MacBook Pro 14 Inch Space Grey,laptops,Apple,4,1999.99,4.69,7624.76,3.65
ORD_00152,CUST_0248,2026-04-03,54,Citrus Squeezer Yellow,kitchen-accessories,Unknown,2,8.99,12.1,15.8,4.63
ORD_00153,CUST_0291,2026-03-25,86,Man Short Sleeve Shirt,mens-shirts,Casual Comfort,5,19.99,6.83,93.12,2.9
ORD_00154,CUST_0236,2026-04-26,39,Soft Drinks,groceries,Unknown,4,1.99,17.48,6.57,4.75
ORD_00155,CUST_0075,2026-01-26,27,Honey Jar,groceries,Unknown,1,6.99,14.4,5.98,3.97
ORD_00156,CUST_0131,2026-03-17,48,Bamboo Spatula,kitchen-accessories,Unknown,1,7.99,2.84,7.76,3.27
ORD_00157,CUST_0182,2026-03-08,24,Fish Steak,groceries,Unknown,2,14.99,4.23,28.71,3.78
ORD_00158,CUST_0152,2026-02-28,37,Red Onions,groceries,Unknown,4,1.99,9.9,7.17,4.2
ORD_00159,CUST_0131,2026-05-04,38,Rice,groceries,Unknown,1,5.99,9.29,5.43,3.18
ORD_00160,CUST_0071,2026-06-20,30,Kiwi,groceries,Unknown,4,2.49,15.22,8.44,4.93
ORD_00161,CUST_0202,2026-03-28,92,Sports Sneakers Off White Red,mens-shoes,Off White,5,109.99,0.04,549.73,4.69
ORD_00162,CUST_0232,2026-04-07,33,Mulberry,groceries,Unknown,3,4.99,12.87,13.04,4.95
ORD_00163,CUST_0289,2026-04-28,85,Man Plaid Shirt,mens-shirts,Classic Wear,3,34.99,19.5,84.5,3.46
ORD_00164,CUST_0061,2026-04-06,81,Lenovo Yoga 920,laptops,Lenovo,3,1099.99,6.55,3083.82,2.86
ORD_00165,CUST_0230,2026-02-21,64,Knife,kitchen-accessories,Unknown,1,14.99,18.86,12.16,3.26
ORD_00166,CUST_0054,2026-02-06,74,Spoon,kitchen-accessories,Unknown,1,4.99,1.53,4.91,4.03
ORD_00167,CUST_0180,2026-06-04,70,Red Tongs,kitchen-accessories,Unknown,3,6.99,14.52,17.93,4.42
ORD_00168,CUST_0276,2026-04-21,14,Knoll Saarinen Executive Conference Chair,furniture,Knoll,5,499.99,2.01,2449.7,4.88
ORD_00169,CUST_0191,2026-05-11,10,Gucci Bloom Eau de,fragrances,Gucci,4,79.99,14.39,273.92,2.74
ORD_00170,CUST_0175,2026-06-18,9,Dolce Shine Eau de,fragrances,Dolce & Gabbana,3,69.99,0.62,208.67,3.96
ORD_00171,CUST_0218,2026-06-22,14,Knoll Saarinen Executive Conference Chair,furniture,Knoll,5,499.99,2.01,2449.7,4.88
ORD_00172,CUST_0051,2026-04-17,81,Lenovo Yoga 920,laptops,Lenovo,3,1099.99,6.55,3083.82,2.86
ORD_00173,CUST_0134,2026-05-24,79,Asus Zenbook Pro Dual Screen Laptop,laptops,Asus,5,1799.99,11.14,7997.36,3.95
ORD_00174,CUST_0280,2026-02-15,95,Rolex Cellini Date Black Dial,mens-watches,Rolex,1,8999.99,8.88,8200.79,4.97
ORD_00175,CUST_0217,2026-01-18,60,Grater Black,kitchen-accessories,Unknown,1,10.99,3.56,10.6,3.21
ORD_00176,CUST_0157,2026-01-31,62,Ice Cube Tray,kitchen-accessories,Unknown,1,5.99,0.63,5.95,4.71
ORD_00177,CUST_0039,2026-04-14,57,Fine Mesh Strainer,kitchen-accessories,Unknown,1,9.99,3.5,9.64,3.04
ORD_00178,CUST_0143,2026-04-05,47,Table Lamp,home-decoration,Unknown,4,49.99,7.09,185.78,3.55
ORD_00179,CUST_0219,2026-05-24,77,Yellow Peeler,kitchen-accessories,Unknown,5,5.99,12.48,26.21,4.24
ORD_00180,CUST_0156,2026-04-18,50,Black Whisk,kitchen-accessories,Unknown,2,9.99,10.24,17.93,3.9
ORD_00181,CUST_0042,2026-01-22,94,Longines Master Collection,mens-watches,Longines,5,1499.99,17.24,6206.96,3.87
ORD_00182,CUST_0236,2026-01-16,12,Annibale Colombo Sofa,furniture,Annibale Colombo,4,2499.99,14.4,8559.97,3.92
ORD_00183,CUST_0147,2026-03-17,66,Microwave Oven,kitchen-accessories,Unknown,4,89.99,12.13,316.3,4.82
ORD_00184,CUST_0277,2026-05-01,78,Apple MacBook Pro 14 Inch Space Grey,laptops,Apple,2,1999.99,4.69,3812.38,3.65
ORD_00185,CUST_0220,2026-06-11,34,Nescafe Coffee,groceries,Unknown,4,7.99,1.59,31.45,4.82
ORD_00186,CUST_0246,2026-02-18,77,Yellow Peeler,kitchen-accessories,Unknown,4,5.99,12.48,20.97,4.24
ORD_00187,CUST_0239,2026-02-26,37,Red Onions,groceries,Unknown,3,1.99,9.9,5.38,4.2
ORD_00188,CUST_0094,2026-01-27,16,Apple,groceries,Unknown,5,1.99,12.62,8.69,4.19
ORD_00189,CUST_0026,2026-03-20,94,Longines Master Collection,mens-watches,Longines,3,1499.99,17.24,3724.18,3.87
ORD_00190,CUST_0222,2026-05-12,39,Soft Drinks,groceries,Unknown,1,1.99,17.48,1.64,4.75
ORD_00191,CUST_0053,2026-06-18,56,Electric Stove,kitchen-accessories,Unknown,5,49.99,14.04,214.86,4.11
ORD_00192,CUST_0109,2026-03-28,79,Asus Zenbook Pro Dual Screen Laptop,laptops,Asus,4,1799.99,11.14,6397.88,3.95
ORD_00193,CUST_0042,2026-06-27,38,Rice,groceries,Unknown,4,5.99,9.29,21.73,3.18
ORD_00194,CUST_0002,2026-06-21,72,Slotted Turner,kitchen-accessories,Unknown,5,8.99,13.35,38.95,3.4
ORD_00195,CUST_0128,2026-06-03,12,Annibale Colombo Sofa,furniture,Annibale Colombo,2,2499.99,14.4,4279.98,3.92
ORD_00196,CUST_0264,2026-01-22,64,Knife,kitchen-accessories,Unknown,1,14.99,18.86,12.16,3.26
ORD_00197,CUST_0144,2026-05-04,59,Glass,kitchen-accessories,Unknown,1,4.99,7.92,4.59,4.02
ORD_00198,CUST_0164,2026-03-23,2,Eyeshadow Palette with Mirror,beauty,Glamour Beauty,1,19.99,18.19,16.35,2.86
ORD_00199,CUST_0217,2026-02-23,83,Blue & Black Check Shirt,mens-shirts,Fashion Trends,3,29.99,15.35,76.16,3.64
ORD_00200,CUST_0291,2026-03-21,46,Plant Pot,home-decoration,Unknown,2,14.99,6.84,27.93,3.01
ORD_00201,CUST_0004,2026-06-15,31,Lemon,groceries,Unknown,3,0.79,9.7,2.14,3.53
ORD_00202,CUST_0222,2026-01-20,79,Asus Zenbook Pro Dual Screen Laptop,laptops,Asus,3,1799.99,11.14,4798.41,3.95
ORD_00203,CUST_0118,2026-06-08,100,Apple Airpods,mobile-accessories,Apple,1,129.99,15.54,109.79,4.15
ORD_00204,CUST_0206,2026-05-31,29,Juice,groceries,Unknown,4,3.99,12.06,14.04,3.94
ORD_00205,CUST_0013,2026-06-29,11,Annibale Colombo Bed,furniture,Annibale Colombo,4,1899.99,8.57,6948.64,4.77
ORD_00206,CUST_0008,2026-04-28,67,Mug Tree Stand,kitchen-accessories,Unknown,1,15.99,9.25,14.51,2.64
ORD_00207,CUST_0187,2026-06-11,10,Gucci Bloom Eau de,fragrances,Gucci,4,79.99,14.39,273.92,2.74
ORD_00208,CUST_0260,2026-02-13,3,Powder Canister,beauty,Velvet Touch,2,14.99,9.84,27.03,4.64
ORD_00209,CUST_0136,2026-05-20,15,Wooden Bathroom Sink With Mirror,furniture,Bath Trends,5,799.99,8.8,3647.95,3.59
ORD_00210,CUST_0243,2026-06-13,20,Cooking Oil,groceries,Unknown,1,4.99,9.33,4.52,4.8
ORD_00211,CUST_0087,2026-01-07,66,Microwave Oven,kitchen-accessories,Unknown,5,89.99,12.13,395.37,4.82
ORD_00212,CUST_0002,2026-01-10,1,Essence Mascara Lash Princess,beauty,Essence,1,9.99,10.48,8.94,2.56
ORD_00213,CUST_0246,2026-05-25,61,Hand Blender,kitchen-accessories,Unknown,5,34.99,17.02,145.17,3.86
ORD_00214,CUST_0289,2026-06-02,24,Fish Steak,groceries,Unknown,2,14.99,4.23,28.71,3.78
ORD_00215,CUST_0074,2026-05-25,6,Calvin Klein CK One,fragrances,Calvin Klein,4,49.99,1.89,196.18,4.37
ORD_00216,CUST_0291,2026-05-19,93,Brown Leather Belt Watch,mens-watches,Fashion Timepieces,1,89.99,5.99,84.6,4.19
ORD_00217,CUST_0254,2026-05-31,70,Red Tongs,kitchen-accessories,Unknown,5,6.99,14.52,29.88,4.42
ORD_00218,CUST_0134,2026-02-06,5,Red Nail Polish,beauty,Nail Couture,3,8.99,11.44,23.88,4.32
ORD_00219,CUST_0035,2026-04-01,13,Bedside Table African Cherry,furniture,Furniture Co.,4,299.99,19.09,970.89,2.87
ORD_00220,CUST_0162,2026-04-24,75,Tray,kitchen-accessories,Unknown,3,16.99,7.48,47.16,4.62
ORD_00221,CUST_0026,2026-01-28,86,Man Short Sleeve Shirt,mens-shirts,Casual Comfort,3,19.99,6.83,55.87,2.9
ORD_00222,CUST_0244,2026-02-04,74,Spoon,kitchen-accessories,Unknown,1,4.99,1.53,4.91,4.03
ORD_00223,CUST_0005,2026-05-08,28,Ice Cream,groceries,Unknown,1,5.49,8.69,5.01,3.39
ORD_00224,CUST_0157,2026-04-21,99,Amazon Echo Plus,mobile-accessories,Amazon,4,99.99,12.07,351.68,4.99
ORD_00225,CUST_0153,2026-04-21,6,Calvin Klein CK One,fragrances,Calvin Klein,1,49.99,1.89,49.05,4.37
ORD_00226,CUST_0002,2026-06-09,5,Red Nail Polish,beauty,Nail Couture,2,8.99,11.44,15.92,4.32
ORD_00227,CUST_0138,2026-02-01,71,Silver Pot With Glass Cap,kitchen-accessories,Unknown,3,39.99,5.7,113.13,3.22
ORD_00228,CUST_0112,2026-02-03,10,Gucci Bloom Eau de,fragrances,Gucci,4,79.99,14.39,273.92,2.74
ORD_00229,CUST_0113,2026-03-24,99,Amazon Echo Plus,mobile-accessories,Amazon,3,99.99,12.07,263.76,4.99
ORD_00230,CUST_0163,2026-04-25,79,Asus Zenbook Pro Dual Screen Laptop,laptops,Asus,2,1799.99,11.14,3198.94,3.95
ORD_00231,CUST_0262,2026-01-27,58,Fork,kitchen-accessories,Unknown,3,3.99,8.07,11.0,3.11
ORD_00232,CUST_0075,2026-02-24,95,Rolex Cellini Date Black Dial,mens-watches,Rolex,3,8999.99,8.88,24602.37,4.97
ORD_00233,CUST_0126,2026-05-06,58,Fork,kitchen-accessories,Unknown,3,3.99,8.07,11.0,3.11
ORD_00234,CUST_0078,2026-06-19,65,Lunch Box,kitchen-accessories,Unknown,3,12.99,10.34,34.94,4.93
ORD_00235,CUST_0048,2026-04-02,15,Wooden Bathroom Sink With Mirror,furniture,Bath Trends,3,799.99,8.8,2188.77,3.59
ORD_00236,CUST_0208,2026-03-27,41,Tissue Paper Box,groceries,Unknown,5,2.49,13.28,10.8,2.69
ORD_00237,CUST_0039,2026-01-25,12,Annibale Colombo Sofa,furniture,Annibale Colombo,5,2499.99,14.4,10699.96,3.92
ORD_00238,CUST_0285,2026-02-24,28,Ice Cream,groceries,Unknown,1,5.49,8.69,5.01,3.39
ORD_00239,CUST_0185,2026-04-20,43,Decoration Swing,home-decoration,Unknown,4,59.99,10.41,214.98,3.16
ORD_00240,CUST_0121,2026-03-16,64,Knife,kitchen-accessories,Unknown,5,14.99,18.86,60.81,3.26
ORD_00241,CUST_0047,2026-02-09,41,Tissue Paper Box,groceries,Unknown,5,2.49,13.28,10.8,2.69
ORD_00242,CUST_0285,2026-02-27,59,Glass,kitchen-accessories,Unknown,4,4.99,7.92,18.38,4.02
ORD_00243,CUST_0277,2026-03-17,4,Red Lipstick,beauty,Chic Cosmetics,2,12.99,12.16,22.82,4.36
ORD_00244,CUST_0144,2026-02-10,48,Bamboo Spatula,kitchen-accessories,Unknown,1,7.99,2.84,7.76,3.27
ORD_00245,CUST_0029,2026-04-12,58,Fork,kitchen-accessories,Unknown,2,3.99,8.07,7.34,3.11
ORD_00246,CUST_0177,2026-04-27,71,Silver Pot With Glass Cap,kitchen-accessories,Unknown,3,39.99,5.7,113.13,3.22
ORD_00247,CUST_0177,2026-02-26,66,Microwave Oven,kitchen-accessories,Unknown,4,89.99,12.13,316.3,4.82
ORD_00248,CUST_0074,2026-04-09,79,Asus Zenbook Pro Dual Screen Laptop,laptops,Asus,2,1799.99,11.14,3198.94,3.95
ORD_00249,CUST_0060,2026-04-23,44,Family Tree Photo Frame,home-decoration,Unknown,3,29.99,14.87,76.59,4.53
ORD_00250,CUST_0158,2026-04-03,37,Red Onions,groceries,Unknown,5,1.99,9.9,8.96,4.2
ORD_00251,CUST_0243,2026-06-09,74,Spoon,kitchen-accessories,Unknown,3,4.99,1.53,14.74,4.03
ORD_00252,CUST_0039,2026-04-01,93,Brown Leather Belt Watch,mens-watches,Fashion Timepieces,5,89.99,5.99,423.0,4.19
ORD_00253,CUST_0221,2026-05-24,53,Chopping Board,kitchen-accessories,Unknown,2,12.99,8.03,23.89,3.7
ORD_00254,CUST_0074,2026-05-31,32,Milk,groceries,Unknown,3,3.49,13.74,9.03,2.61
ORD_00255,CUST_0116,2026-01-21,50,Black Whisk,kitchen-accessories,Unknown,1,9.99,10.24,8.97,3.9
ORD_00256,CUST_0017,2026-06-01,8,Dior J'adore,fragrances,Dior,5,89.99,14.72,383.72,3.8
ORD_00257,CUST_0247,2026-02-20,6,Calvin Klein CK One,fragrances,Calvin Klein,1,49.99,1.89,49.05,4.37
ORD_00258,CUST_0170,2026-02-01,34,Nescafe Coffee,groceries,Unknown,3,7.99,1.59,23.59,4.82
ORD_00259,CUST_0220,2026-05-14,32,Milk,groceries,Unknown,1,3.49,13.74,3.01,2.61
ORD_00260,CUST_0271,2026-05-29,2,Eyeshadow Palette with Mirror,beauty,Glamour Beauty,3,19.99,18.19,49.06,2.86
ORD_00261,CUST_0212,2026-03-09,86,Man Short Sleeve Shirt,mens-shirts,Casual Comfort,3,19.99,6.83,55.87,2.9
ORD_00262,CUST_0213,2026-04-19,16,Apple,groceries,Unknown,2,1.99,12.62,3.48,4.19
ORD_00263,CUST_0201,2026-03-07,12,Annibale Colombo Sofa,furniture,Annibale Colombo,3,2499.99,14.4,6419.97,3.92
ORD_00264,CUST_0151,2026-06-29,96,Rolex Cellini Moonphase,mens-watches,Rolex,1,12999.99,17.52,10722.39,2.58
ORD_00265,CUST_0135,2026-02-25,78,Apple MacBook Pro 14 Inch Space Grey,laptops,Apple,3,1999.99,4.69,5718.57,3.65
ORD_00266,CUST_0232,2026-05-07,69,Plate,kitchen-accessories,Unknown,1,3.99,7.31,3.7,3.65
ORD_00267,CUST_0226,2026-04-26,39,Soft Drinks,groceries,Unknown,5,1.99,17.48,8.21,4.75
ORD_00268,CUST_0101,2026-02-07,2,Eyeshadow Palette with Mirror,beauty,Glamour Beauty,4,19.99,18.19,65.42,2.86
ORD_00269,CUST_0227,2026-01-30,53,Chopping Board,kitchen-accessories,Unknown,3,12.99,8.03,35.84,3.7
ORD_00270,CUST_0214,2026-05-31,17,Beef Steak,groceries,Unknown,3,12.99,9.61,35.22,4.47
ORD_00271,CUST_0277,2026-04-11,99,Amazon Echo Plus,mobile-accessories,Amazon,5,99.99,12.07,439.61,4.99
ORD_00272,CUST_0061,2026-06-28,84,Gigabyte Aorus Men Tshirt,mens-shirts,Gigabyte,5,24.99,0.94,123.78,3.18
ORD_00273,CUST_0196,2026-03-22,15,Wooden Bathroom Sink With Mirror,furniture,Bath Trends,3,799.99,8.8,2188.77,3.59
ORD_00274,CUST_0253,2026-01-15,40,Strawberry,groceries,Unknown,2,3.99,1.12,7.89,3.08
ORD_00275,CUST_0251,2026-03-20,76,Wooden Rolling Pin,kitchen-accessories,Unknown,1,11.99,9.75,10.82,2.92
ORD_00276,CUST_0144,2026-01-28,47,Table Lamp,home-decoration,Unknown,5,49.99,7.09,232.23,3.55
ORD_00277,CUST_0092,2026-06-13,19,Chicken Meat,groceries,Unknown,2,9.99,13.7,17.24,3.19
ORD_00278,CUST_0283,2026-02-11,5,Red Nail Polish,beauty,Nail Couture,4,8.99,11.44,31.85,4.32
ORD_00279,CUST_0058,2026-03-30,30,Kiwi,groceries,Unknown,1,2.49,15.22,2.11,4.93
ORD_00280,CUST_0299,2026-03-30,59,Glass,kitchen-accessories,Unknown,4,4.99,7.92,18.38,4.02
ORD_00281,CUST_0005,2026-02-13,9,Dolce Shine Eau de,fragrances,Dolce & Gabbana,2,69.99,0.62,139.11,3.96
ORD_00282,CUST_0253,2026-04-25,85,Man Plaid Shirt,mens-shirts,Classic Wear,5,34.99,19.5,140.83,3.46
ORD_00283,CUST_0167,2026-05-01,65,Lunch Box,kitchen-accessories,Unknown,3,12.99,10.34,34.94,4.93
ORD_00284,CUST_0239,2026-01-11,77,Yellow Peeler,kitchen-accessories,Unknown,4,5.99,12.48,20.97,4.24
ORD_00285,CUST_0218,2026-04-08,37,Red Onions,groceries,Unknown,4,1.99,9.9,7.17,4.2
ORD_00286,CUST_0265,2026-06-02,34,Nescafe Coffee,groceries,Unknown,5,7.99,1.59,39.31,4.82
ORD_00287,CUST_0100,2026-05-19,49,Black Aluminium Cup,kitchen-accessories,Unknown,3,5.99,15.65,15.16,4.46
ORD_00288,CUST_0207,2026-04-01,86,Man Short Sleeve Shirt,mens-shirts,Casual Comfort,2,19.99,6.83,37.25,2.9
ORD_00289,CUST_0130,2026-04-16,91,Sports Sneakers Off White & Red,mens-shoes,Off White,2,119.99,4.97,228.05,4.77
ORD_00290,CUST_0037,2026-03-03,86,Man Short Sleeve Shirt,mens-shirts,Casual Comfort,2,19.99,6.83,37.25,2.9
ORD_00291,CUST_0175,2026-04-06,50,Black Whisk,kitchen-accessories,Unknown,5,9.99,10.24,44.84,3.9
ORD_00292,CUST_0156,2026-03-13,11,Annibale Colombo Bed,furniture,Annibale Colombo,1,1899.99,8.57,1737.16,4.77
ORD_00293,CUST_0300,2026-04-24,92,Sports Sneakers Off White Red,mens-shoes,Off White,4,109.99,0.04,439.78,4.69
ORD_00294,CUST_0118,2026-03-02,18,Cat Food,groceries,Unknown,1,8.99,9.58,8.13,3.13
ORD_00295,CUST_0095,2026-01-05,20,Cooking Oil,groceries,Unknown,2,4.99,9.33,9.05,4.8
ORD_00296,CUST_0183,2026-03-22,93,Brown Leather Belt Watch,mens-watches,Fashion Timepieces,4,89.99,5.99,338.4,4.19
ORD_00297,CUST_0127,2026-04-18,31,Lemon,groceries,Unknown,1,0.79,9.7,0.71,3.53
ORD_00298,CUST_0170,2026-02-20,1,Essence Mascara Lash Princess,beauty,Essence,3,9.99,10.48,26.83,2.56
ORD_00299,CUST_0052,2026-04-25,71,Silver Pot With Glass Cap,kitchen-accessories,Unknown,3,39.99,5.7,113.13,3.22
ORD_00300,CUST_0215,2026-04-22,99,Amazon Echo Plus,mobile-accessories,Amazon,5,99.99,12.07,439.61,4.99
ORD_00301,CUST_0264,2026-05-18,48,Bamboo Spatula,kitchen-accessories,Unknown,5,7.99,2.84,38.82,3.27
ORD_00302,CUST_0196,2026-05-10,91,Sports Sneakers Off White & Red,mens-shoes,Off White,3,119.99,4.97,342.08,4.77
ORD_00303,CUST_0086,2026-05-21,97,Rolex Datejust,mens-watches,Rolex,4,10999.99,3.73,42358.76,3.66
ORD_00304,CUST_0139,2026-01-21,87,Men Check Shirt,mens-shirts,Urban Chic,1,27.99,11.38,24.8,2.72
ORD_00305,CUST_0153,2026-03-21,74,Spoon,kitchen-accessories,Unknown,5,4.99,1.53,24.57,4.03
ORD_00306,CUST_0195,2026-04-28,56,Electric Stove,kitchen-accessories,Unknown,5,49.99,14.04,214.86,4.11
ORD_00307,CUST_0126,2026-06-27,97,Rolex Datejust,mens-watches,Rolex,1,10999.99,3.73,10589.69,3.66
ORD_00308,CUST_0047,2026-05-13,29,Juice,groceries,Unknown,5,3.99,12.06,17.54,3.94
ORD_00309,CUST_0292,2026-03-04,75,Tray,kitchen-accessories,Unknown,4,16.99,7.48,62.88,4.62
ORD_00310,CUST_0002,2026-01-08,13,Bedside Table African Cherry,furniture,Furniture Co.,2,299.99,19.09,485.44,2.87
ORD_00311,CUST_0153,2026-03-30,78,Apple MacBook Pro 14 Inch Space Grey,laptops,Apple,5,1999.99,4.69,9530.95,3.65
ORD_00312,CUST_0263,2026-03-25,99,Amazon Echo Plus,mobile-accessories,Amazon,5,99.99,12.07,439.61,4.99
ORD_00313,CUST_0098,2026-03-16,98,Rolex Submariner Watch,mens-watches,Rolex,2,13999.99,5.05,26585.98,2.69
ORD_00314,CUST_0023,2026-01-16,80,Huawei Matebook X Pro,laptops,Huawei,4,1399.99,9.38,5074.68,4.98
ORD_00315,CUST_0067,2026-05-25,56,Electric Stove,kitchen-accessories,Unknown,3,49.99,14.04,128.91,4.11
ORD_00316,CUST_0080,2026-05-29,93,Brown Leather Belt Watch,mens-watches,Fashion Timepieces,3,89.99,5.99,253.8,4.19
ORD_00317,CUST_0072,2026-03-09,4,Red Lipstick,beauty,Chic Cosmetics,1,12.99,12.16,11.41,4.36
ORD_00318,CUST_0286,2026-01-20,5,Red Nail Polish,beauty,Nail Couture,2,8.99,11.44,15.92,4.32
ORD_00319,CUST_0280,2026-05-09,68,Pan,kitchen-accessories,Unknown,4,24.99,3.0,96.96,2.79
ORD_00320,CUST_0198,2026-06-05,78,Apple MacBook Pro 14 Inch Space Grey,laptops,Apple,1,1999.99,4.69,1906.19,3.65
ORD_00321,CUST_0222,2026-05-25,74,Spoon,kitchen-accessories,Unknown,2,4.99,1.53,9.83,4.03
ORD_00322,CUST_0115,2026-02-12,5,Red Nail Polish,beauty,Nail Couture,5,8.99,11.44,39.81,4.32
ORD_00323,CUST_0031,2026-06-04,63,Kitchen Sieve,kitchen-accessories,Unknown,2,7.99,18.91,12.96,3.09
ORD_00324,CUST_0134,2026-04-03,1,Essence Mascara Lash Princess,beauty,Essence,5,9.99,10.48,44.72,2.56
ORD_00325,CUST_0079,2026-01-06,68,Pan,kitchen-accessories,Unknown,3,24.99,3.0,72.72,2.79
ORD_00326,CUST_0228,2026-06-11,41,Tissue Paper Box,groceries,Unknown,4,2.49,13.28,8.64,2.69
ORD_00327,CUST_0184,2026-02-12,68,Pan,kitchen-accessories,Unknown,2,24.99,3.0,48.48,2.79
ORD_00328,CUST_0125,2026-03-04,86,Man Short Sleeve Shirt,mens-shirts,Casual Comfort,3,19.99,6.83,55.87,2.9
ORD_00329,CUST_0234,2026-02-23,86,Man Short Sleeve Shirt,mens-shirts,Casual Comfort,5,19.99,6.83,93.12,2.9
ORD_00330,CUST_0213,2026-03-13,60,Grater Black,kitchen-accessories,Unknown,3,10.99,3.56,31.8,3.21
ORD_00331,CUST_0035,2026-06-09,28,Ice Cream,groceries,Unknown,3,5.49,8.69,15.04,3.39
ORD_00332,CUST_0260,2026-01-16,19,Chicken Meat,groceries,Unknown,4,9.99,13.7,34.49,3.19
ORD_00333,CUST_0203,2026-05-10,35,Potatoes,groceries,Unknown,3,2.29,5.38,6.5,4.81
ORD_00334,CUST_0128,2026-06-29,81,Lenovo Yoga 920,laptops,Lenovo,3,1099.99,6.55,3083.82,2.86
ORD_00335,CUST_0192,2026-03-15,30,Kiwi,groceries,Unknown,4,2.49,15.22,8.44,4.93
ORD_00336,CUST_0161,2026-04-14,14,Knoll Saarinen Executive Conference Chair,furniture,Knoll,1,499.99,2.01,489.94,4.88
ORD_00337,CUST_0057,2026-05-07,100,Apple Airpods,mobile-accessories,Apple,5,129.99,15.54,548.95,4.15
ORD_00338,CUST_0221,2026-03-12,60,Grater Black,kitchen-accessories,Unknown,1,10.99,3.56,10.6,3.21
ORD_00339,CUST_0149,2026-03-31,92,Sports Sneakers Off White Red,mens-shoes,Off White,2,109.99,0.04,219.89,4.69
ORD_00340,CUST_0104,2026-03-07,14,Knoll Saarinen Executive Conference Chair,furniture,Knoll,1,499.99,2.01,489.94,4.88
ORD_00341,CUST_0025,2026-02-06,7,Chanel Coco Noir Eau De,fragrances,Chanel,2,129.99,16.51,217.06,4.26
ORD_00342,CUST_0167,2026-03-23,2,Eyeshadow Palette with Mirror,beauty,Glamour Beauty,2,19.99,18.19,32.71,2.86
ORD_00343,CUST_0289,2026-03-03,64,Knife,kitchen-accessories,Unknown,5,14.99,18.86,60.81,3.26
ORD_00344,CUST_0135,2026-06-22,43,Decoration Swing,home-decoration,Unknown,5,59.99,10.41,268.73,3.16
ORD_00345,CUST_0289,2026-04-08,76,Wooden Rolling Pin,kitchen-accessories,Unknown,3,11.99,9.75,32.46,2.92
ORD_00346,CUST_0295,2026-06-11,29,Juice,groceries,Unknown,2,3.99,12.06,7.02,3.94
ORD_00347,CUST_0116,2026-02-28,24,Fish Steak,groceries,Unknown,3,14.99,4.23,43.07,3.78
ORD_00348,CUST_0268,2026-04-06,91,Sports Sneakers Off White & Red,mens-shoes,Off White,2,119.99,4.97,228.05,4.77
ORD_00349,CUST_0296,2026-04-17,75,Tray,kitchen-accessories,Unknown,2,16.99,7.48,31.44,4.62
ORD_00350,CUST_0186,2026-02-23,66,Microwave Oven,kitchen-accessories,Unknown,1,89.99,12.13,79.07,4.82
ORD_00351,CUST_0257,2026-02-28,25,Green Bell Pepper,groceries,Unknown,2,1.29,0.16,2.58,3.25
ORD_00352,CUST_0054,2026-06-07,16,Apple,groceries,Unknown,2,1.99,12.62,3.48,4.19
ORD_00353,CUST_0001,2026-04-12,29,Juice,groceries,Unknown,1,3.99,12.06,3.51,3.94
ORD_00354,CUST_0076,2026-05-22,80,Huawei Matebook X Pro,laptops,Huawei,3,1399.99,9.38,3806.01,4.98
ORD_00355,CUST_0191,2026-03-27,44,Family Tree Photo Frame,home-decoration,Unknown,5,29.99,14.87,127.65,4.53
ORD_00356,CUST_0285,2026-05-02,100,Apple Airpods,mobile-accessories,Apple,3,129.99,15.54,329.37,4.15
ORD_00357,CUST_0077,2026-06-12,82,New DELL XPS 13 9300 Laptop,laptops,Dell,4,1499.99,11.89,5286.56,2.67
ORD_00358,CUST_0081,2026-02-03,79,Asus Zenbook Pro Dual Screen Laptop,laptops,Asus,3,1799.99,11.14,4798.41,3.95
ORD_00359,CUST_0052,2026-01-19,57,Fine Mesh Strainer,kitchen-accessories,Unknown,2,9.99,3.5,19.28,3.04
ORD_00360,CUST_0129,2026-06-21,66,Microwave Oven,kitchen-accessories,Unknown,2,89.99,12.13,158.15,4.82
ORD_00361,CUST_0234,2026-03-19,52,Carbon Steel Wok,kitchen-accessories,Unknown,5,29.99,6.53,140.16,4.05
ORD_00362,CUST_0042,2026-06-22,4,Red Lipstick,beauty,Chic Cosmetics,5,12.99,12.16,57.05,4.36
ORD_00363,CUST_0222,2026-01-08,11,Annibale Colombo Bed,furniture,Annibale Colombo,2,1899.99,8.57,3474.32,4.77
ORD_00364,CUST_0016,2026-01-12,25,Green Bell Pepper,groceries,Unknown,3,1.29,0.16,3.86,3.25
ORD_00365,CUST_0296,2026-04-03,46,Plant Pot,home-decoration,Unknown,2,14.99,6.84,27.93,3.01
ORD_00366,CUST_0238,2026-01-10,32,Milk,groceries,Unknown,1,3.49,13.74,3.01,2.61
ORD_00367,CUST_0256,2026-03-11,12,Annibale Colombo Sofa,furniture,Annibale Colombo,4,2499.99,14.4,8559.97,3.92
ORD_00368,CUST_0234,2026-05-06,7,Chanel Coco Noir Eau De,fragrances,Chanel,5,129.99,16.51,542.64,4.26
ORD_00369,CUST_0135,2026-02-24,21,Cucumber,groceries,Unknown,5,1.49,0.16,7.44,4.07
ORD_00370,CUST_0148,2026-03-16,40,Strawberry,groceries,Unknown,2,3.99,1.12,7.89,3.08
ORD_00371,CUST_0046,2026-01-21,1,Essence Mascara Lash Princess,beauty,Essence,2,9.99,10.48,17.89,2.56
ORD_00372,CUST_0125,2026-01-01,87,Men Check Shirt,mens-shirts,Urban Chic,1,27.99,11.38,24.8,2.72
ORD_00373,CUST_0034,2026-03-30,51,Boxed Blender,kitchen-accessories,Unknown,2,39.99,7.26,74.17,4.56
ORD_00374,CUST_0009,2026-03-19,34,Nescafe Coffee,groceries,Unknown,3,7.99,1.59,23.59,4.82
ORD_00375,CUST_0166,2026-06-01,79,Asus Zenbook Pro Dual Screen Laptop,laptops,Asus,3,1799.99,11.14,4798.41,3.95
ORD_00376,CUST_0159,2026-02-28,27,Honey Jar,groceries,Unknown,2,6.99,14.4,11.97,3.97
ORD_00377,CUST_0180,2026-03-28,25,Green Bell Pepper,groceries,Unknown,5,1.29,0.16,6.44,3.25
ORD_00378,CUST_0259,2026-02-11,69,Plate,kitchen-accessories,Unknown,2,3.99,7.31,7.4,3.65
ORD_00379,CUST_0224,2026-06-17,34,Nescafe Coffee,groceries,Unknown,2,7.99,1.59,15.73,4.82
ORD_00380,CUST_0145,2026-03-24,5,Red Nail Polish,beauty,Nail Couture,3,8.99,11.44,23.88,4.32
ORD_00381,CUST_0260,2026-01-28,72,Slotted Turner,kitchen-accessories,Unknown,1,8.99,13.35,7.79,3.4
ORD_00382,CUST_0182,2026-01-25,5,Red Nail Polish,beauty,Nail Couture,2,8.99,11.44,15.92,4.32
ORD_00383,CUST_0007,2026-01-02,92,Sports Sneakers Off White Red,mens-shoes,Off White,1,109.99,0.04,109.95,4.69
ORD_00384,CUST_0280,2026-01-06,19,Chicken Meat,groceries,Unknown,5,9.99,13.7,43.11,3.19
ORD_00385,CUST_0047,2026-04-22,12,Annibale Colombo Sofa,furniture,Annibale Colombo,4,2499.99,14.4,8559.97,3.92
ORD_00386,CUST_0143,2026-04-13,25,Green Bell Pepper,groceries,Unknown,1,1.29,0.16,1.29,3.25
ORD_00387,CUST_0070,2026-06-02,60,Grater Black,kitchen-accessories,Unknown,4,10.99,3.56,42.4,3.21
ORD_00388,CUST_0149,2026-06-03,1,Essence Mascara Lash Princess,beauty,Essence,2,9.99,10.48,17.89,2.56
ORD_00389,CUST_0160,2026-01-30,62,Ice Cube Tray,kitchen-accessories,Unknown,3,5.99,0.63,17.86,4.71
ORD_00390,CUST_0270,2026-06-03,78,Apple MacBook Pro 14 Inch Space Grey,laptops,Apple,5,1999.99,4.69,9530.95,3.65
ORD_00391,CUST_0088,2026-06-15,26,Green Chili Pepper,groceries,Unknown,2,0.99,1.0,1.96,3.66
ORD_00392,CUST_0168,2026-04-19,46,Plant Pot,home-decoration,Unknown,5,14.99,6.84,69.82,3.01
ORD_00393,CUST_0273,2026-03-07,99,Amazon Echo Plus,mobile-accessories,Amazon,1,99.99,12.07,87.92,4.99
ORD_00394,CUST_0221,2026-02-27,82,New DELL XPS 13 9300 Laptop,laptops,Dell,1,1499.99,11.89,1321.64,2.67
ORD_00395,CUST_0165,2026-04-19,80,Huawei Matebook X Pro,laptops,Huawei,1,1399.99,9.38,1268.67,4.98
ORD_00396,CUST_0089,2026-03-16,22,Dog Food,groceries,Unknown,3,10.99,10.27,29.58,4.55
ORD_00397,CUST_0191,2026-01-15,32,Milk,groceries,Unknown,5,3.49,13.74,15.05,2.61
ORD_00398,CUST_0259,2026-03-04,3,Powder Canister,beauty,Velvet Touch,4,14.99,9.84,54.06,4.64
ORD_00399,CUST_0116,2026-01-30,2,Eyeshadow Palette with Mirror,beauty,Glamour Beauty,4,19.99,18.19,65.42,2.86
ORD_00400,CUST_0198,2026-05-08,73,Spice Rack,kitchen-accessories,Unknown,5,19.99,12.09,87.87,4.87
ORD_00401,CUST_0091,2026-02-27,74,Spoon,kitchen-accessories,Unknown,5,4.99,1.53,24.57,4.03
ORD_00402,CUST_0038,2026-04-17,90,Puma Future Rider Trainers,mens-shoes,Puma,1,89.99,4.2,86.21,4.9
ORD_00403,CUST_0071,2026-01-26,13,Bedside Table African Cherry,furniture,Furniture Co.,4,299.99,19.09,970.89,2.87
ORD_00404,CUST_0202,2026-02-01,70,Red Tongs,kitchen-accessories,Unknown,1,6.99,14.52,5.98,4.42
ORD_00405,CUST_0239,2026-06-28,51,Boxed Blender,kitchen-accessories,Unknown,1,39.99,7.26,37.09,4.56
ORD_00406,CUST_0080,2026-01-03,1,Essence Mascara Lash Princess,beauty,Essence,5,9.99,10.48,44.72,2.56
ORD_00407,CUST_0167,2026-04-16,100,Apple Airpods,mobile-accessories,Apple,3,129.99,15.54,329.37,4.15
ORD_00408,CUST_0117,2026-06-11,13,Bedside Table African Cherry,furniture,Furniture Co.,3,299.99,19.09,728.17,2.87
ORD_00409,CUST_0028,2026-04-07,89,Nike Baseball Cleats,mens-shoes,Nike,3,79.99,18.04,196.68,3.88
ORD_00410,CUST_0050,2026-02-19,63,Kitchen Sieve,kitchen-accessories,Unknown,1,7.99,18.91,6.48,3.09
ORD_00411,CUST_0217,2026-04-18,6,Calvin Klein CK One,fragrances,Calvin Klein,3,49.99,1.89,147.14,4.37
ORD_00412,CUST_0040,2026-04-30,30,Kiwi,groceries,Unknown,2,2.49,15.22,4.22,4.93
ORD_00413,CUST_0294,2026-01-04,84,Gigabyte Aorus Men Tshirt,mens-shirts,Gigabyte,1,24.99,0.94,24.76,3.18
ORD_00414,CUST_0016,2026-02-11,60,Grater Black,kitchen-accessories,Unknown,1,10.99,3.56,10.6,3.21
ORD_00415,CUST_0255,2026-02-15,88,Nike Air Jordan 1 Red And Black,mens-shoes,Nike,5,149.99,4.12,719.05,4.77
ORD_00416,CUST_0186,2026-04-10,62,Ice Cube Tray,kitchen-accessories,Unknown,1,5.99,0.63,5.95,4.71
ORD_00417,CUST_0158,2026-05-02,40,Strawberry,groceries,Unknown,4,3.99,1.12,15.78,3.08
ORD_00418,CUST_0160,2026-04-13,73,Spice Rack,kitchen-accessories,Unknown,4,19.99,12.09,70.29,4.87
ORD_00419,CUST_0081,2026-06-27,76,Wooden Rolling Pin,kitchen-accessories,Unknown,4,11.99,9.75,43.28,2.92
ORD_00420,CUST_0045,2026-04-03,42,Water,groceries,Unknown,5,0.99,14.92,4.21,4.96
ORD_00421,CUST_0283,2026-05-24,2,Eyeshadow Palette with Mirror,beauty,Glamour Beauty,1,19.99,18.19,16.35,2.86
ORD_00422,CUST_0108,2026-03-15,53,Chopping Board,kitchen-accessories,Unknown,3,12.99,8.03,35.84,3.7
ORD_00423,CUST_0282,2026-06-10,10,Gucci Bloom Eau de,fragrances,Gucci,4,79.99,14.39,273.92,2.74
ORD_00424,CUST_0198,2026-05-03,40,Strawberry,groceries,Unknown,1,3.99,1.12,3.95,3.08
ORD_00425,CUST_0141,2026-06-23,15,Wooden Bathroom Sink With Mirror,furniture,Bath Trends,2,799.99,8.8,1459.18,3.59
ORD_00426,CUST_0080,2026-02-05,18,Cat Food,groceries,Unknown,4,8.99,9.58,32.52,3.13
ORD_00427,CUST_0276,2026-06-14,86,Man Short Sleeve Shirt,mens-shirts,Casual Comfort,5,19.99,6.83,93.12,2.9
ORD_00428,CUST_0074,2026-03-26,22,Dog Food,groceries,Unknown,2,10.99,10.27,19.72,4.55
ORD_00429,CUST_0264,2026-06-08,74,Spoon,kitchen-accessories,Unknown,4,4.99,1.53,19.65,4.03
ORD_00430,CUST_0194,2026-04-04,38,Rice,groceries,Unknown,3,5.99,9.29,16.3,3.18
ORD_00431,CUST_0027,2026-05-12,75,Tray,kitchen-accessories,Unknown,4,16.99,7.48,62.88,4.62
ORD_00432,CUST_0161,2026-04-13,79,Asus Zenbook Pro Dual Screen Laptop,laptops,Asus,5,1799.99,11.14,7997.36,3.95
ORD_00433,CUST_0134,2026-06-12,11,Annibale Colombo Bed,furniture,Annibale Colombo,4,1899.99,8.57,6948.64,4.77
ORD_00434,CUST_0210,2026-05-24,87,Men Check Shirt,mens-shirts,Urban Chic,5,27.99,11.38,124.02,2.72
ORD_00435,CUST_0151,2026-02-06,10,Gucci Bloom Eau de,fragrances,Gucci,1,79.99,14.39,68.48,2.74
ORD_00436,CUST_0130,2026-01-05,75,Tray,kitchen-accessories,Unknown,3,16.99,7.48,47.16,4.62
ORD_00437,CUST_0064,2026-03-09,98,Rolex Submariner Watch,mens-watches,Rolex,5,13999.99,5.05,66464.95,2.69
ORD_00438,CUST_0242,2026-06-09,72,Slotted Turner,kitchen-accessories,Unknown,5,8.99,13.35,38.95,3.4
ORD_00439,CUST_0189,2026-02-27,40,Strawberry,groceries,Unknown,4,3.99,1.12,15.78,3.08
ORD_00440,CUST_0105,2026-04-15,61,Hand Blender,kitchen-accessories,Unknown,3,34.99,17.02,87.1,3.86
ORD_00441,CUST_0116,2026-04-19,41,Tissue Paper Box,groceries,Unknown,1,2.49,13.28,2.16,2.69
ORD_00442,CUST_0173,2026-03-26,94,Longines Master Collection,mens-watches,Longines,3,1499.99,17.24,3724.18,3.87
ORD_00443,CUST_0021,2026-03-09,20,Cooking Oil,groceries,Unknown,2,4.99,9.33,9.05,4.8
ORD_00444,CUST_0109,2026-01-24,40,Strawberry,groceries,Unknown,4,3.99,1.12,15.78,3.08
ORD_00445,CUST_0100,2026-05-04,17,Beef Steak,groceries,Unknown,2,12.99,9.61,23.48,4.47
ORD_00446,CUST_0015,2026-06-21,34,Nescafe Coffee,groceries,Unknown,1,7.99,1.59,7.86,4.82
ORD_00447,CUST_0219,2026-01-18,25,Green Bell Pepper,groceries,Unknown,1,1.29,0.16,1.29,3.25
ORD_00448,CUST_0142,2026-06-08,76,Wooden Rolling Pin,kitchen-accessories,Unknown,3,11.99,9.75,32.46,2.92
ORD_00449,CUST_0104,2026-02-06,28,Ice Cream,groceries,Unknown,3,5.49,8.69,15.04,3.39
ORD_00450,CUST_0293,2026-04-04,19,Chicken Meat,groceries,Unknown,3,9.99,13.7,25.86,3.19
ORD_00451,CUST_0018,2026-02-16,47,Table Lamp,home-decoration,Unknown,3,49.99,7.09,139.34,3.55
ORD_00452,CUST_0039,2026-03-28,5,Red Nail Polish,beauty,Nail Couture,1,8.99,11.44,7.96,4.32
ORD_00453,CUST_0027,2026-04-28,96,Rolex Cellini Moonphase,mens-watches,Rolex,2,12999.99,17.52,21444.78,2.58
ORD_00454,CUST_0203,2026-01-20,50,Black Whisk,kitchen-accessories,Unknown,5,9.99,10.24,44.84,3.9
ORD_00455,CUST_0071,2026-02-23,26,Green Chili Pepper,groceries,Unknown,1,0.99,1.0,0.98,3.66
ORD_00456,CUST_0094,2026-06-07,77,Yellow Peeler,kitchen-accessories,Unknown,2,5.99,12.48,10.48,4.24
ORD_00457,CUST_0232,2026-06-27,91,Sports Sneakers Off White & Red,mens-shoes,Off White,1,119.99,4.97,114.03,4.77
ORD_00458,CUST_0185,2026-06-21,99,Amazon Echo Plus,mobile-accessories,Amazon,2,99.99,12.07,175.84,4.99
ORD_00459,CUST_0177,2026-01-25,8,Dior J'adore,fragrances,Dior,3,89.99,14.72,230.23,3.8
ORD_00460,CUST_0283,2026-04-10,31,Lemon,groceries,Unknown,2,0.79,9.7,1.43,3.53
ORD_00461,CUST_0128,2026-06-02,10,Gucci Bloom Eau de,fragrances,Gucci,5,79.99,14.39,342.4,2.74
ORD_00462,CUST_0223,2026-04-08,62,Ice Cube Tray,kitchen-accessories,Unknown,3,5.99,0.63,17.86,4.71
ORD_00463,CUST_0157,2026-02-15,17,Beef Steak,groceries,Unknown,1,12.99,9.61,11.74,4.47
ORD_00464,CUST_0137,2026-06-03,17,Beef Steak,groceries,Unknown,1,12.99,9.61,11.74,4.47
ORD_00465,CUST_0113,2026-05-13,59,Glass,kitchen-accessories,Unknown,3,4.99,7.92,13.78,4.02
ORD_00466,CUST_0222,2026-03-08,30,Kiwi,groceries,Unknown,5,2.49,15.22,10.56,4.93
ORD_00467,CUST_0251,2026-05-17,41,Tissue Paper Box,groceries,Unknown,1,2.49,13.28,2.16,2.69
ORD_00468,CUST_0010,2026-02-07,78,Apple MacBook Pro 14 Inch Space Grey,laptops,Apple,1,1999.99,4.69,1906.19,3.65
ORD_00469,CUST_0182,2026-01-22,95,Rolex Cellini Date Black Dial,mens-watches,Rolex,3,8999.99,8.88,24602.37,4.97
ORD_00470,CUST_0070,2026-01-19,90,Puma Future Rider Trainers,mens-shoes,Puma,4,89.99,4.2,344.84,4.9
ORD_00471,CUST_0116,2026-06-02,27,Honey Jar,groceries,Unknown,1,6.99,14.4,5.98,3.97
ORD_00472,CUST_0186,2026-03-16,18,Cat Food,groceries,Unknown,4,8.99,9.58,32.52,3.13
ORD_00473,CUST_0019,2026-02-14,45,House Showpiece Plant,home-decoration,Unknown,1,39.99,7.46,37.01,4.67
ORD_00474,CUST_0264,2026-06-03,72,Slotted Turner,kitchen-accessories,Unknown,1,8.99,13.35,7.79,3.4
ORD_00475,CUST_0173,2026-03-03,88,Nike Air Jordan 1 Red And Black,mens-shoes,Nike,4,149.99,4.12,575.24,4.77
ORD_00476,CUST_0161,2026-02-14,54,Citrus Squeezer Yellow,kitchen-accessories,Unknown,4,8.99,12.1,31.61,4.63
ORD_00477,CUST_0100,2026-01-30,25,Green Bell Pepper,groceries,Unknown,2,1.29,0.16,2.58,3.25
ORD_00478,CUST_0011,2026-06-09,95,Rolex Cellini Date Black Dial,mens-watches,Rolex,1,8999.99,8.88,8200.79,4.97
ORD_00479,CUST_0001,2026-04-04,78,Apple MacBook Pro 14 Inch Space Grey,laptops,Apple,2,1999.99,4.69,3812.38,3.65
ORD_00480,CUST_0085,2026-04-06,50,Black Whisk,kitchen-accessories,Unknown,3,9.99,10.24,26.9,3.9
ORD_00481,CUST_0118,2026-03-20,54,Citrus Squeezer Yellow,kitchen-accessories,Unknown,5,8.99,12.1,39.51,4.63
ORD_00482,CUST_0109,2026-01-23,14,Knoll Saarinen Executive Conference Chair,furniture,Knoll,2,499.99,2.01,979.88,4.88
ORD_00483,CUST_0055,2026-03-28,96,Rolex Cellini Moonphase,mens-watches,Rolex,1,12999.99,17.52,10722.39,2.58
ORD_00484,CUST_0251,2026-01-30,96,Rolex Cellini Moonphase,mens-watches,Rolex,1,12999.99,17.52,10722.39,2.58
ORD_00485,CUST_0112,2026-02-07,56,Electric Stove,kitchen-accessories,Unknown,5,49.99,14.04,214.86,4.11
ORD_00486,CUST_0050,2026-01-06,26,Green Chili Pepper,groceries,Unknown,5,0.99,1.0,4.9,3.66
ORD_00487,CUST_0115,2026-06-15,12,Annibale Colombo Sofa,furniture,Annibale Colombo,1,2499.99,14.4,2139.99,3.92
ORD_00488,CUST_0001,2026-04-20,33,Mulberry,groceries,Unknown,5,4.99,12.87,21.74,4.95
ORD_00489,CUST_0022,2026-03-14,47,Table Lamp,home-decoration,Unknown,5,49.99,7.09,232.23,3.55
ORD_00490,CUST_0159,2026-02-03,54,Citrus Squeezer Yellow,kitchen-accessories,Unknown,4,8.99,12.1,31.61,4.63
ORD_00491,CUST_0252,2026-05-28,99,Amazon Echo Plus,mobile-accessories,Amazon,1,99.99,12.07,87.92,4.99
ORD_00492,CUST_0246,2026-03-26,75,Tray,kitchen-accessories,Unknown,2,16.99,7.48,31.44,4.62
ORD_00493,CUST_0252,2026-06-15,16,Apple,groceries,Unknown,5,1.99,12.62,8.69,4.19
ORD_00494,CUST_0205,2026-01-10,35,Potatoes,groceries,Unknown,3,2.29,5.38,6.5,4.81
ORD_00495,CUST_0280,2026-05-24,35,Potatoes,groceries,Unknown,1,2.29,5.38,2.17,4.81
ORD_00496,CUST_0198,2026-05-16,63,Kitchen Sieve,kitchen-accessories,Unknown,1,7.99,18.91,6.48,3.09
ORD_00497,CUST_0192,2026-02-08,80,Huawei Matebook X Pro,laptops,Huawei,5,1399.99,9.38,6343.35,4.98
ORD_00498,CUST_0064,2026-03-20,93,Brown Leather Belt Watch,mens-watches,Fashion Timepieces,3,89.99,5.99,253.8,4.19
ORD_00499,CUST_0087,2026-01-01,64,Knife,kitchen-accessories,Unknown,4,14.99,18.86,48.65,3.26
ORD_00500,CUST_0166,2026-02-20,100,Apple Airpods,mobile-accessories,Apple,2,129.99,15.54,219.58,4.15
ORD_00501,CUST_0264,2026-03-24,7,Chanel Coco Noir Eau De,fragrances,Chanel,2,129.99,16.51,217.06,4.26
ORD_00502,CUST_0240,2026-01-28,13,Bedside Table African Cherry,furniture,Furniture Co.,3,299.99,19.09,728.17,2.87
ORD_00503,CUST_0237,2026-03-12,64,Knife,kitchen-accessories,Unknown,3,14.99,18.86,36.49,3.26
ORD_00504,CUST_0046,2026-02-27,93,Brown Leather Belt Watch,mens-watches,Fashion Timepieces,4,89.99,5.99,338.4,4.19
ORD_00505,CUST_0125,2026-03-24,73,Spice Rack,kitchen-accessories,Unknown,4,19.99,12.09,70.29,4.87
ORD_00506,CUST_0091,2026-04-18,66,Microwave Oven,kitchen-accessories,Unknown,4,89.99,12.13,316.3,4.82
ORD_00507,CUST_0022,2026-06-21,48,Bamboo Spatula,kitchen-accessories,Unknown,4,7.99,2.84,31.05,3.27
ORD_00508,CUST_0158,2026-02-01,35,Potatoes,groceries,Unknown,3,2.29,5.38,6.5,4.81
ORD_00509,CUST_0028,2026-06-02,68,Pan,kitchen-accessories,Unknown,5,24.99,3.0,121.2,2.79
ORD_00510,CUST_0176,2026-03-22,5,Red Nail Polish,beauty,Nail Couture,5,8.99,11.44,39.81,4.32
ORD_00511,CUST_0087,2026-05-15,90,Puma Future Rider Trainers,mens-shoes,Puma,4,89.99,4.2,344.84,4.9
ORD_00512,CUST_0084,2026-04-06,100,Apple Airpods,mobile-accessories,Apple,3,129.99,15.54,329.37,4.15
ORD_00513,CUST_0226,2026-02-24,66,Microwave Oven,kitchen-accessories,Unknown,1,89.99,12.13,79.07,4.82
ORD_00514,CUST_0109,2026-03-07,95,Rolex Cellini Date Black Dial,mens-watches,Rolex,4,8999.99,8.88,32803.16,4.97
ORD_00515,CUST_0221,2026-03-14,74,Spoon,kitchen-accessories,Unknown,2,4.99,1.53,9.83,4.03
ORD_00516,CUST_0269,2026-05-10,57,Fine Mesh Strainer,kitchen-accessories,Unknown,1,9.99,3.5,9.64,3.04
ORD_00517,CUST_0177,2026-06-13,51,Boxed Blender,kitchen-accessories,Unknown,4,39.99,7.26,148.35,4.56
ORD_00518,CUST_0100,2026-04-27,42,Water,groceries,Unknown,1,0.99,14.92,0.84,4.96
ORD_00519,CUST_0121,2026-03-15,35,Potatoes,groceries,Unknown,4,2.29,5.38,8.67,4.81
ORD_00520,CUST_0140,2026-01-23,45,House Showpiece Plant,home-decoration,Unknown,2,39.99,7.46,74.01,4.67
ORD_00521,CUST_0249,2026-05-01,10,Gucci Bloom Eau de,fragrances,Gucci,2,79.99,14.39,136.96,2.74
ORD_00522,CUST_0040,2026-04-30,66,Microwave Oven,kitchen-accessories,Unknown,4,89.99,12.13,316.3,4.82
ORD_00523,CUST_0092,2026-02-28,2,Eyeshadow Palette with Mirror,beauty,Glamour Beauty,5,19.99,18.19,81.77,2.86
ORD_00524,CUST_0242,2026-05-21,20,Cooking Oil,groceries,Unknown,1,4.99,9.33,4.52,4.8
ORD_00525,CUST_0282,2026-02-14,87,Men Check Shirt,mens-shirts,Urban Chic,4,27.99,11.38,99.22,2.72
ORD_00526,CUST_0274,2026-01-24,67,Mug Tree Stand,kitchen-accessories,Unknown,1,15.99,9.25,14.51,2.64
ORD_00527,CUST_0262,2026-01-25,28,Ice Cream,groceries,Unknown,4,5.49,8.69,20.05,3.39
ORD_00528,CUST_0085,2026-05-02,29,Juice,groceries,Unknown,2,3.99,12.06,7.02,3.94
ORD_00529,CUST_0275,2026-02-06,92,Sports Sneakers Off White Red,mens-shoes,Off White,4,109.99,0.04,439.78,4.69
ORD_00530,CUST_0289,2026-05-07,55,Egg Slicer,kitchen-accessories,Unknown,3,6.99,14.76,17.87,3.09
ORD_00531,CUST_0231,2026-04-20,96,Rolex Cellini Moonphase,mens-watches,Rolex,3,12999.99,17.52,32167.18,2.58
ORD_00532,CUST_0224,2026-04-23,26,Green Chili Pepper,groceries,Unknown,2,0.99,1.0,1.96,3.66
ORD_00533,CUST_0020,2026-06-25,33,Mulberry,groceries,Unknown,4,4.99,12.87,17.39,4.95
ORD_00534,CUST_0156,2026-05-04,40,Strawberry,groceries,Unknown,3,3.99,1.12,11.84,3.08
ORD_00535,CUST_0164,2026-03-14,3,Powder Canister,beauty,Velvet Touch,3,14.99,9.84,40.54,4.64
ORD_00536,CUST_0211,2026-04-20,88,Nike Air Jordan 1 Red And Black,mens-shoes,Nike,5,149.99,4.12,719.05,4.77
ORD_00537,CUST_0109,2026-06-18,45,House Showpiece Plant,home-decoration,Unknown,1,39.99,7.46,37.01,4.67
ORD_00538,CUST_0255,2026-02-27,86,Man Short Sleeve Shirt,mens-shirts,Casual Comfort,2,19.99,6.83,37.25,2.9
ORD_00539,CUST_0257,2026-03-30,55,Egg Slicer,kitchen-accessories,Unknown,4,6.99,14.76,23.83,3.09
ORD_00540,CUST_0133,2026-03-02,64,Knife,kitchen-accessories,Unknown,5,14.99,18.86,60.81,3.26
ORD_00541,CUST_0243,2026-06-14,25,Green Bell Pepper,groceries,Unknown,3,1.29,0.16,3.86,3.25
ORD_00542,CUST_0287,2026-06-01,93,Brown Leather Belt Watch,mens-watches,Fashion Timepieces,2,89.99,5.99,169.2,4.19
ORD_00543,CUST_0281,2026-05-15,98,Rolex Submariner Watch,mens-watches,Rolex,1,13999.99,5.05,13292.99,2.69
ORD_00544,CUST_0300,2026-05-18,77,Yellow Peeler,kitchen-accessories,Unknown,2,5.99,12.48,10.48,4.24
ORD_00545,CUST_0032,2026-03-24,49,Black Aluminium Cup,kitchen-accessories,Unknown,4,5.99,15.65,20.21,4.46
ORD_00546,CUST_0210,2026-04-27,25,Green Bell Pepper,groceries,Unknown,4,1.29,0.16,5.15,3.25
ORD_00547,CUST_0191,2026-02-16,29,Juice,groceries,Unknown,2,3.99,12.06,7.02,3.94
ORD_00548,CUST_0139,2026-03-15,59,Glass,kitchen-accessories,Unknown,2,4.99,7.92,9.19,4.02
ORD_00549,CUST_0086,2026-05-27,22,Dog Food,groceries,Unknown,4,10.99,10.27,39.45,4.55
ORD_00550,CUST_0088,2026-01-31,87,Men Check Shirt,mens-shirts,Urban Chic,3,27.99,11.38,74.41,2.72
ORD_00551,CUST_0110,2026-03-02,1,Essence Mascara Lash Princess,beauty,Essence,1,9.99,10.48,8.94,2.56
ORD_00552,CUST_0137,2026-06-01,80,Huawei Matebook X Pro,laptops,Huawei,1,1399.99,9.38,1268.67,4.98
ORD_00553,CUST_0071,2026-05-20,14,Knoll Saarinen Executive Conference Chair,furniture,Knoll,4,499.99,2.01,1959.76,4.88
ORD_00554,CUST_0182,2026-03-12,12,Annibale Colombo Sofa,furniture,Annibale Colombo,1,2499.99,14.4,2139.99,3.92
ORD_00555,CUST_0136,2026-02-04,100,Apple Airpods,mobile-accessories,Apple,2,129.99,15.54,219.58,4.15
ORD_00556,CUST_0284,2026-03-18,16,Apple,groceries,Unknown,1,1.99,12.62,1.74,4.19
ORD_00557,CUST_0121,2026-06-17,62,Ice Cube Tray,kitchen-accessories,Unknown,5,5.99,0.63,29.76,4.71
ORD_00558,CUST_0087,2026-01-13,99,Amazon Echo Plus,mobile-accessories,Amazon,4,99.99,12.07,351.68,4.99
ORD_00559,CUST_0282,2026-05-23,14,Knoll Saarinen Executive Conference Chair,furniture,Knoll,3,499.99,2.01,1469.82,4.88
ORD_00560,CUST_0075,2026-06-09,28,Ice Cream,groceries,Unknown,3,5.49,8.69,15.04,3.39
ORD_00561,CUST_0068,2026-01-21,67,Mug Tree Stand,kitchen-accessories,Unknown,3,15.99,9.25,43.53,2.64
ORD_00562,CUST_0214,2026-02-01,84,Gigabyte Aorus Men Tshirt,mens-shirts,Gigabyte,3,24.99,0.94,74.27,3.18
ORD_00563,CUST_0047,2026-04-10,43,Decoration Swing,home-decoration,Unknown,3,59.99,10.41,161.24,3.16
ORD_00564,CUST_0074,2026-05-04,51,Boxed Blender,kitchen-accessories,Unknown,2,39.99,7.26,74.17,4.56
ORD_00565,CUST_0239,2026-06-28,66,Microwave Oven,kitchen-accessories,Unknown,1,89.99,12.13,79.07,4.82
ORD_00566,CUST_0008,2026-04-03,100,Apple Airpods,mobile-accessories,Apple,1,129.99,15.54,109.79,4.15
ORD_00567,CUST_0032,2026-05-12,10,Gucci Bloom Eau de,fragrances,Gucci,4,79.99,14.39,273.92,2.74
ORD_00568,CUST_0036,2026-02-27,98,Rolex Submariner Watch,mens-watches,Rolex,2,13999.99,5.05,26585.98,2.69
ORD_00569,CUST_0090,2026-03-18,47,Table Lamp,home-decoration,Unknown,1,49.99,7.09,46.45,3.55
ORD_00570,CUST_0063,2026-05-02,6,Calvin Klein CK One,fragrances,Calvin Klein,2,49.99,1.89,98.09,4.37
ORD_00571,CUST_0229,2026-05-22,36,Protein Powder,groceries,Unknown,2,19.99,7.59,36.95,4.18
ORD_00572,CUST_0205,2026-05-28,84,Gigabyte Aorus Men Tshirt,mens-shirts,Gigabyte,5,24.99,0.94,123.78,3.18
ORD_00573,CUST_0281,2026-02-27,42,Water,groceries,Unknown,2,0.99,14.92,1.68,4.96
ORD_00574,CUST_0071,2026-05-25,75,Tray,kitchen-accessories,Unknown,4,16.99,7.48,62.88,4.62
ORD_00575,CUST_0051,2026-06-10,50,Black Whisk,kitchen-accessories,Unknown,2,9.99,10.24,17.93,3.9
ORD_00576,CUST_0081,2026-06-08,15,Wooden Bathroom Sink With Mirror,furniture,Bath Trends,3,799.99,8.8,2188.77,3.59
ORD_00577,CUST_0275,2026-01-28,10,Gucci Bloom Eau de,fragrances,Gucci,2,79.99,14.39,136.96,2.74
ORD_00578,CUST_0093,2026-01-13,54,Citrus Squeezer Yellow,kitchen-accessories,Unknown,2,8.99,12.1,15.8,4.63
ORD_00579,CUST_0154,2026-01-01,6,Calvin Klein CK One,fragrances,Calvin Klein,2,49.99,1.89,98.09,4.37
ORD_00580,CUST_0027,2026-05-20,44,Family Tree Photo Frame,home-decoration,Unknown,5,29.99,14.87,127.65,4.53
ORD_00581,CUST_0030,2026-04-28,4,Red Lipstick,beauty,Chic Cosmetics,2,12.99,12.16,22.82,4.36
ORD_00582,CUST_0225,2026-01-31,83,Blue & Black Check Shirt,mens-shirts,Fashion Trends,2,29.99,15.35,50.77,3.64
ORD_00583,CUST_0008,2026-06-04,15,Wooden Bathroom Sink With Mirror,furniture,Bath Trends,1,799.99,8.8,729.59,3.59
ORD_00584,CUST_0081,2026-04-08,83,Blue & Black Check Shirt,mens-shirts,Fashion Trends,3,29.99,15.35,76.16,3.64
ORD_00585,CUST_0137,2026-01-17,82,New DELL XPS 13 9300 Laptop,laptops,Dell,1,1499.99,11.89,1321.64,2.67
ORD_00586,CUST_0128,2026-05-13,40,Strawberry,groceries,Unknown,3,3.99,1.12,11.84,3.08
ORD_00587,CUST_0177,2026-05-16,26,Green Chili Pepper,groceries,Unknown,2,0.99,1.0,1.96,3.66
ORD_00588,CUST_0061,2026-05-16,51,Boxed Blender,kitchen-accessories,Unknown,3,39.99,7.26,111.26,4.56
ORD_00589,CUST_0215,2026-03-08,47,Table Lamp,home-decoration,Unknown,2,49.99,7.09,92.89,3.55
ORD_00590,CUST_0124,2026-02-07,22,Dog Food,groceries,Unknown,4,10.99,10.27,39.45,4.55
ORD_00591,CUST_0195,2026-01-22,76,Wooden Rolling Pin,kitchen-accessories,Unknown,5,11.99,9.75,54.1,2.92
ORD_00592,CUST_0228,2026-02-01,9,Dolce Shine Eau de,fragrances,Dolce & Gabbana,2,69.99,0.62,139.11,3.96
ORD_00593,CUST_0049,2026-05-29,18,Cat Food,groceries,Unknown,1,8.99,9.58,8.13,3.13
ORD_00594,CUST_0019,2026-06-28,40,Strawberry,groceries,Unknown,4,3.99,1.12,15.78,3.08
ORD_00595,CUST_0257,2026-04-28,14,Knoll Saarinen Executive Conference Chair,furniture,Knoll,5,499.99,2.01,2449.7,4.88
ORD_00596,CUST_0054,2026-03-12,45,House Showpiece Plant,home-decoration,Unknown,5,39.99,7.46,185.03,4.67
ORD_00597,CUST_0056,2026-06-25,88,Nike Air Jordan 1 Red And Black,mens-shoes,Nike,5,149.99,4.12,719.05,4.77
ORD_00598,CUST_0287,2026-02-04,88,Nike Air Jordan 1 Red And Black,mens-shoes,Nike,3,149.99,4.12,431.43,4.77
ORD_00599,CUST_0186,2026-04-29,23,Eggs,groceries,Unknown,3,2.99,11.05,7.98,2.53
ORD_00600,CUST_0284,2026-05-13,29,Juice,groceries,Unknown,2,3.99,12.06,7.02,3.94
ORD_00601,CUST_0002,2026-04-10,57,Fine Mesh Strainer,kitchen-accessories,Unknown,4,9.99,3.5,38.56,3.04
ORD_00602,CUST_0116,2026-05-08,83,Blue & Black Check Shirt,mens-shirts,Fashion Trends,2,29.99,15.35,50.77,3.64
ORD_00603,CUST_0140,2026-01-09,3,Powder Canister,beauty,Velvet Touch,3,14.99,9.84,40.54,4.64
ORD_00604,CUST_0280,2026-03-29,61,Hand Blender,kitchen-accessories,Unknown,2,34.99,17.02,58.07,3.86
ORD_00605,CUST_0186,2026-03-17,27,Honey Jar,groceries,Unknown,2,6.99,14.4,11.97,3.97
ORD_00606,CUST_0078,2026-05-29,76,Wooden Rolling Pin,kitchen-accessories,Unknown,1,11.99,9.75,10.82,2.92
ORD_00607,CUST_0105,2026-03-11,57,Fine Mesh Strainer,kitchen-accessories,Unknown,1,9.99,3.5,9.64,3.04
ORD_00608,CUST_0227,2026-04-04,28,Ice Cream,groceries,Unknown,1,5.49,8.69,5.01,3.39
ORD_00609,CUST_0049,2026-04-12,32,Milk,groceries,Unknown,3,3.49,13.74,9.03,2.61
ORD_00610,CUST_0192,2026-01-12,68,Pan,kitchen-accessories,Unknown,5,24.99,3.0,121.2,2.79
ORD_00611,CUST_0109,2026-02-08,1,Essence Mascara Lash Princess,beauty,Essence,1,9.99,10.48,8.94,2.56
ORD_00612,CUST_0180,2026-04-27,90,Puma Future Rider Trainers,mens-shoes,Puma,4,89.99,4.2,344.84,4.9
ORD_00613,CUST_0234,2026-06-10,18,Cat Food,groceries,Unknown,5,8.99,9.58,40.64,3.13
ORD_00614,CUST_0029,2026-03-27,47,Table Lamp,home-decoration,Unknown,5,49.99,7.09,232.23,3.55
ORD_00615,CUST_0253,2026-01-11,94,Longines Master Collection,mens-watches,Longines,3,1499.99,17.24,3724.18,3.87
ORD_00616,CUST_0103,2026-04-16,22,Dog Food,groceries,Unknown,3,10.99,10.27,29.58,4.55
ORD_00617,CUST_0140,2026-05-03,20,Cooking Oil,groceries,Unknown,2,4.99,9.33,9.05,4.8
ORD_00618,CUST_0009,2026-01-18,22,Dog Food,groceries,Unknown,5,10.99,10.27,49.31,4.55
ORD_00619,CUST_0125,2026-03-18,21,Cucumber,groceries,Unknown,1,1.49,0.16,1.49,4.07
ORD_00620,CUST_0157,2026-01-25,18,Cat Food,groceries,Unknown,1,8.99,9.58,8.13,3.13
ORD_00621,CUST_0196,2026-02-27,87,Men Check Shirt,mens-shirts,Urban Chic,1,27.99,11.38,24.8,2.72
ORD_00622,CUST_0104,2026-01-10,37,Red Onions,groceries,Unknown,2,1.99,9.9,3.59,4.2
ORD_00623,CUST_0158,2026-02-17,36,Protein Powder,groceries,Unknown,2,19.99,7.59,36.95,4.18
ORD_00624,CUST_0279,2026-02-06,62,Ice Cube Tray,kitchen-accessories,Unknown,3,5.99,0.63,17.86,4.71
ORD_00625,CUST_0241,2026-06-17,89,Nike Baseball Cleats,mens-shoes,Nike,1,79.99,18.04,65.56,3.88
ORD_00626,CUST_0210,2026-01-20,10,Gucci Bloom Eau de,fragrances,Gucci,4,79.99,14.39,273.92,2.74
ORD_00627,CUST_0016,2026-04-22,12,Annibale Colombo Sofa,furniture,Annibale Colombo,3,2499.99,14.4,6419.97,3.92
ORD_00628,CUST_0123,2026-06-03,13,Bedside Table African Cherry,furniture,Furniture Co.,1,299.99,19.09,242.72,2.87
ORD_00629,CUST_0289,2026-05-28,76,Wooden Rolling Pin,kitchen-accessories,Unknown,1,11.99,9.75,10.82,2.92
ORD_00630,CUST_0208,2026-06-29,53,Chopping Board,kitchen-accessories,Unknown,1,12.99,8.03,11.95,3.7
ORD_00631,CUST_0133,2026-03-14,5,Red Nail Polish,beauty,Nail Couture,2,8.99,11.44,15.92,4.32
ORD_00632,CUST_0019,2026-06-20,33,Mulberry,groceries,Unknown,3,4.99,12.87,13.04,4.95
ORD_00633,CUST_0026,2026-05-26,58,Fork,kitchen-accessories,Unknown,5,3.99,8.07,18.34,3.11
ORD_00634,CUST_0278,2026-06-26,18,Cat Food,groceries,Unknown,5,8.99,9.58,40.64,3.13
ORD_00635,CUST_0098,2026-03-30,50,Black Whisk,kitchen-accessories,Unknown,3,9.99,10.24,26.9,3.9
ORD_00636,CUST_0087,2026-03-10,98,Rolex Submariner Watch,mens-watches,Rolex,5,13999.99,5.05,66464.95,2.69
ORD_00637,CUST_0242,2026-04-16,40,Strawberry,groceries,Unknown,4,3.99,1.12,15.78,3.08
ORD_00638,CUST_0142,2026-02-27,13,Bedside Table African Cherry,furniture,Furniture Co.,4,299.99,19.09,970.89,2.87
ORD_00639,CUST_0066,2026-01-19,20,Cooking Oil,groceries,Unknown,5,4.99,9.33,22.62,4.8
ORD_00640,CUST_0240,2026-04-17,87,Men Check Shirt,mens-shirts,Urban Chic,1,27.99,11.38,24.8,2.72
ORD_00641,CUST_0174,2026-03-15,36,Protein Powder,groceries,Unknown,4,19.99,7.59,73.89,4.18
ORD_00642,CUST_0132,2026-04-24,44,Family Tree Photo Frame,home-decoration,Unknown,5,29.99,14.87,127.65,4.53
ORD_00643,CUST_0114,2026-06-17,93,Brown Leather Belt Watch,mens-watches,Fashion Timepieces,5,89.99,5.99,423.0,4.19
ORD_00644,CUST_0220,2026-03-01,40,Strawberry,groceries,Unknown,4,3.99,1.12,15.78,3.08
ORD_00645,CUST_0082,2026-04-13,46,Plant Pot,home-decoration,Unknown,5,14.99,6.84,69.82,3.01
ORD_00646,CUST_0116,2026-04-29,47,Table Lamp,home-decoration,Unknown,2,49.99,7.09,92.89,3.55
ORD_00647,CUST_0106,2026-02-27,56,Electric Stove,kitchen-accessories,Unknown,2,49.99,14.04,85.94,4.11
ORD_00648,CUST_0292,2026-03-10,35,Potatoes,groceries,Unknown,1,2.29,5.38,2.17,4.81
ORD_00649,CUST_0160,2026-01-30,10,Gucci Bloom Eau de,fragrances,Gucci,2,79.99,14.39,136.96,2.74
ORD_00650,CUST_0151,2026-03-12,73,Spice Rack,kitchen-accessories,Unknown,5,19.99,12.09,87.87,4.87
ORD_00651,CUST_0259,2026-04-12,22,Dog Food,groceries,Unknown,4,10.99,10.27,39.45,4.55
ORD_00652,CUST_0228,2026-02-16,76,Wooden Rolling Pin,kitchen-accessories,Unknown,3,11.99,9.75,32.46,2.92
ORD_00653,CUST_0158,2026-06-16,83,Blue & Black Check Shirt,mens-shirts,Fashion Trends,5,29.99,15.35,126.93,3.64
ORD_00654,CUST_0055,2026-05-01,60,Grater Black,kitchen-accessories,Unknown,1,10.99,3.56,10.6,3.21
ORD_00655,CUST_0298,2026-06-20,6,Calvin Klein CK One,fragrances,Calvin Klein,4,49.99,1.89,196.18,4.37
ORD_00656,CUST_0255,2026-06-16,40,Strawberry,groceries,Unknown,1,3.99,1.12,3.95,3.08
ORD_00657,CUST_0277,2026-01-01,58,Fork,kitchen-accessories,Unknown,5,3.99,8.07,18.34,3.11
ORD_00658,CUST_0185,2026-05-03,4,Red Lipstick,beauty,Chic Cosmetics,5,12.99,12.16,57.05,4.36
ORD_00659,CUST_0275,2026-01-05,57,Fine Mesh Strainer,kitchen-accessories,Unknown,1,9.99,3.5,9.64,3.04
ORD_00660,CUST_0101,2026-06-03,75,Tray,kitchen-accessories,Unknown,1,16.99,7.48,15.72,4.62
ORD_00661,CUST_0072,2026-03-25,50,Black Whisk,kitchen-accessories,Unknown,2,9.99,10.24,17.93,3.9
ORD_00662,CUST_0136,2026-05-22,1,Essence Mascara Lash Princess,beauty,Essence,3,9.99,10.48,26.83,2.56
ORD_00663,CUST_0281,2026-06-08,34,Nescafe Coffee,groceries,Unknown,5,7.99,1.59,39.31,4.82
ORD_00664,CUST_0297,2026-04-12,38,Rice,groceries,Unknown,5,5.99,9.29,27.17,3.18
ORD_00665,CUST_0018,2026-01-29,28,Ice Cream,groceries,Unknown,4,5.49,8.69,20.05,3.39
ORD_00666,CUST_0131,2026-03-31,78,Apple MacBook Pro 14 Inch Space Grey,laptops,Apple,1,1999.99,4.69,1906.19,3.65
ORD_00667,CUST_0065,2026-06-23,54,Citrus Squeezer Yellow,kitchen-accessories,Unknown,2,8.99,12.1,15.8,4.63
ORD_00668,CUST_0024,2026-06-04,97,Rolex Datejust,mens-watches,Rolex,4,10999.99,3.73,42358.76,3.66
ORD_00669,CUST_0256,2026-04-17,19,Chicken Meat,groceries,Unknown,5,9.99,13.7,43.11,3.19
ORD_00670,CUST_0289,2026-03-09,88,Nike Air Jordan 1 Red And Black,mens-shoes,Nike,3,149.99,4.12,431.43,4.77
ORD_00671,CUST_0036,2026-05-26,11,Annibale Colombo Bed,furniture,Annibale Colombo,2,1899.99,8.57,3474.32,4.77
ORD_00672,CUST_0152,2026-04-12,49,Black Aluminium Cup,kitchen-accessories,Unknown,2,5.99,15.65,10.11,4.46
ORD_00673,CUST_0192,2026-04-20,99,Amazon Echo Plus,mobile-accessories,Amazon,4,99.99,12.07,351.68,4.99
ORD_00674,CUST_0274,2026-03-08,43,Decoration Swing,home-decoration,Unknown,5,59.99,10.41,268.73,3.16
ORD_00675,CUST_0039,2026-01-22,42,Water,groceries,Unknown,1,0.99,14.92,0.84,4.96
ORD_00676,CUST_0265,2026-05-31,80,Huawei Matebook X Pro,laptops,Huawei,2,1399.99,9.38,2537.34,4.98
ORD_00677,CUST_0021,2026-02-24,29,Juice,groceries,Unknown,4,3.99,12.06,14.04,3.94
ORD_00678,CUST_0220,2026-01-05,88,Nike Air Jordan 1 Red And Black,mens-shoes,Nike,1,149.99,4.12,143.81,4.77
ORD_00679,CUST_0283,2026-03-25,53,Chopping Board,kitchen-accessories,Unknown,3,12.99,8.03,35.84,3.7
ORD_00680,CUST_0131,2026-01-30,70,Red Tongs,kitchen-accessories,Unknown,3,6.99,14.52,17.93,4.42
ORD_00681,CUST_0188,2026-03-09,67,Mug Tree Stand,kitchen-accessories,Unknown,1,15.99,9.25,14.51,2.64
ORD_00682,CUST_0238,2026-01-08,62,Ice Cube Tray,kitchen-accessories,Unknown,1,5.99,0.63,5.95,4.71
ORD_00683,CUST_0175,2026-04-05,47,Table Lamp,home-decoration,Unknown,5,49.99,7.09,232.23,3.55
ORD_00684,CUST_0280,2026-01-26,22,Dog Food,groceries,Unknown,3,10.99,10.27,29.58,4.55
ORD_00685,CUST_0173,2026-03-03,19,Chicken Meat,groceries,Unknown,3,9.99,13.7,25.86,3.19
ORD_00686,CUST_0056,2026-06-20,10,Gucci Bloom Eau de,fragrances,Gucci,3,79.99,14.39,205.44,2.74
ORD_00687,CUST_0060,2026-05-26,41,Tissue Paper Box,groceries,Unknown,2,2.49,13.28,4.32,2.69
ORD_00688,CUST_0125,2026-01-15,98,Rolex Submariner Watch,mens-watches,Rolex,2,13999.99,5.05,26585.98,2.69
ORD_00689,CUST_0175,2026-06-06,66,Microwave Oven,kitchen-accessories,Unknown,5,89.99,12.13,395.37,4.82
ORD_00690,CUST_0266,2026-03-19,64,Knife,kitchen-accessories,Unknown,2,14.99,18.86,24.33,3.26
ORD_00691,CUST_0041,2026-01-07,44,Family Tree Photo Frame,home-decoration,Unknown,2,29.99,14.87,51.06,4.53
ORD_00692,CUST_0062,2026-06-28,54,Citrus Squeezer Yellow,kitchen-accessories,Unknown,2,8.99,12.1,15.8,4.63
ORD_00693,CUST_0144,2026-01-08,96,Rolex Cellini Moonphase,mens-watches,Rolex,4,12999.99,17.52,42889.57,2.58
ORD_00694,CUST_0062,2026-02-24,71,Silver Pot With Glass Cap,kitchen-accessories,Unknown,3,39.99,5.7,113.13,3.22
ORD_00695,CUST_0157,2026-01-09,91,Sports Sneakers Off White & Red,mens-shoes,Off White,2,119.99,4.97,228.05,4.77
ORD_00696,CUST_0094,2026-05-31,94,Longines Master Collection,mens-watches,Longines,4,1499.99,17.24,4965.57,3.87
ORD_00697,CUST_0274,2026-01-11,12,Annibale Colombo Sofa,furniture,Annibale Colombo,2,2499.99,14.4,4279.98,3.92
ORD_00698,CUST_0002,2026-01-29,84,Gigabyte Aorus Men Tshirt,mens-shirts,Gigabyte,5,24.99,0.94,123.78,3.18
ORD_00699,CUST_0217,2026-06-14,54,Citrus Squeezer Yellow,kitchen-accessories,Unknown,1,8.99,12.1,7.9,4.63
ORD_00700,CUST_0262,2026-03-13,57,Fine Mesh Strainer,kitchen-accessories,Unknown,4,9.99,3.5,38.56,3.04
ORD_00701,CUST_0238,2026-01-12,45,House Showpiece Plant,home-decoration,Unknown,5,39.99,7.46,185.03,4.67
ORD_00702,CUST_0052,2026-02-25,97,Rolex Datejust,mens-watches,Rolex,2,10999.99,3.73,21179.38,3.66
ORD_00703,CUST_0238,2026-02-21,19,Chicken Meat,groceries,Unknown,3,9.99,13.7,25.86,3.19
ORD_00704,CUST_0060,2026-01-17,97,Rolex Datejust,mens-watches,Rolex,1,10999.99,3.73,10589.69,3.66
ORD_00705,CUST_0203,2026-05-08,87,Men Check Shirt,mens-shirts,Urban Chic,1,27.99,11.38,24.8,2.72
ORD_00706,CUST_0163,2026-06-25,84,Gigabyte Aorus Men Tshirt,mens-shirts,Gigabyte,1,24.99,0.94,24.76,3.18
ORD_00707,CUST_0186,2026-06-19,85,Man Plaid Shirt,mens-shirts,Classic Wear,2,34.99,19.5,56.33,3.46
ORD_00708,CUST_0188,2026-05-24,13,Bedside Table African Cherry,furniture,Furniture Co.,5,299.99,19.09,1213.61,2.87
ORD_00709,CUST_0091,2026-04-08,55,Egg Slicer,kitchen-accessories,Unknown,2,6.99,14.76,11.92,3.09
ORD_00710,CUST_0290,2026-06-24,90,Puma Future Rider Trainers,mens-shoes,Puma,2,89.99,4.2,172.42,4.9
ORD_00711,CUST_0132,2026-03-28,71,Silver Pot With Glass Cap,kitchen-accessories,Unknown,4,39.99,5.7,150.84,3.22
ORD_00712,CUST_0137,2026-03-11,46,Plant Pot,home-decoration,Unknown,5,14.99,6.84,69.82,3.01
ORD_00713,CUST_0084,2026-03-12,37,Red Onions,groceries,Unknown,1,1.99,9.9,1.79,4.2
ORD_00714,CUST_0035,2026-01-14,9,Dolce Shine Eau de,fragrances,Dolce & Gabbana,4,69.99,0.62,278.22,3.96
ORD_00715,CUST_0171,2026-03-22,78,Apple MacBook Pro 14 Inch Space Grey,laptops,Apple,4,1999.99,4.69,7624.76,3.65
ORD_00716,CUST_0059,2026-04-21,94,Longines Master Collection,mens-watches,Longines,5,1499.99,17.24,6206.96,3.87
ORD_00717,CUST_0027,2026-01-29,4,Red Lipstick,beauty,Chic Cosmetics,2,12.99,12.16,22.82,4.36
ORD_00718,CUST_0259,2026-06-25,21,Cucumber,groceries,Unknown,2,1.49,0.16,2.98,4.07
ORD_00719,CUST_0246,2026-04-03,22,Dog Food,groceries,Unknown,2,10.99,10.27,19.72,4.55
ORD_00720,CUST_0200,2026-06-25,94,Longines Master Collection,mens-watches,Longines,5,1499.99,17.24,6206.96,3.87
ORD_00721,CUST_0013,2026-01-09,24,Fish Steak,groceries,Unknown,3,14.99,4.23,43.07,3.78
ORD_00722,CUST_0107,2026-01-12,16,Apple,groceries,Unknown,5,1.99,12.62,8.69,4.19
ORD_00723,CUST_0045,2026-04-13,20,Cooking Oil,groceries,Unknown,1,4.99,9.33,4.52,4.8
ORD_00724,CUST_0110,2026-04-07,92,Sports Sneakers Off White Red,mens-shoes,Off White,2,109.99,0.04,219.89,4.69
ORD_00725,CUST_0199,2026-02-06,63,Kitchen Sieve,kitchen-accessories,Unknown,4,7.99,18.91,25.92,3.09
ORD_00726,CUST_0153,2026-04-22,81,Lenovo Yoga 920,laptops,Lenovo,5,1099.99,6.55,5139.7,2.86
ORD_00727,CUST_0196,2026-06-20,87,Men Check Shirt,mens-shirts,Urban Chic,4,27.99,11.38,99.22,2.72
ORD_00728,CUST_0039,2026-01-17,35,Potatoes,groceries,Unknown,1,2.29,5.38,2.17,4.81
ORD_00729,CUST_0142,2026-03-20,23,Eggs,groceries,Unknown,3,2.99,11.05,7.98,2.53
ORD_00730,CUST_0187,2026-03-10,95,Rolex Cellini Date Black Dial,mens-watches,Rolex,5,8999.99,8.88,41003.95,4.97
ORD_00731,CUST_0098,2026-04-08,78,Apple MacBook Pro 14 Inch Space Grey,laptops,Apple,1,1999.99,4.69,1906.19,3.65
ORD_00732,CUST_0127,2026-02-27,19,Chicken Meat,groceries,Unknown,4,9.99,13.7,34.49,3.19
ORD_00733,CUST_0056,2026-05-02,66,Microwave Oven,kitchen-accessories,Unknown,1,89.99,12.13,79.07,4.82
ORD_00734,CUST_0049,2026-02-11,44,Family Tree Photo Frame,home-decoration,Unknown,5,29.99,14.87,127.65,4.53
ORD_00735,CUST_0231,2026-01-31,73,Spice Rack,kitchen-accessories,Unknown,5,19.99,12.09,87.87,4.87
ORD_00736,CUST_0215,2026-02-03,94,Longines Master Collection,mens-watches,Longines,4,1499.99,17.24,4965.57,3.87
ORD_00737,CUST_0247,2026-03-31,11,Annibale Colombo Bed,furniture,Annibale Colombo,3,1899.99,8.57,5211.48,4.77
ORD_00738,CUST_0160,2026-04-02,52,Carbon Steel Wok,kitchen-accessories,Unknown,1,29.99,6.53,28.03,4.05
ORD_00739,CUST_0282,2026-06-29,44,Family Tree Photo Frame,home-decoration,Unknown,2,29.99,14.87,51.06,4.53
ORD_00740,CUST_0030,2026-03-28,49,Black Aluminium Cup,kitchen-accessories,Unknown,3,5.99,15.65,15.16,4.46
ORD_00741,CUST_0277,2026-01-13,43,Decoration Swing,home-decoration,Unknown,5,59.99,10.41,268.73,3.16
ORD_00742,CUST_0221,2026-02-11,60,Grater Black,kitchen-accessories,Unknown,2,10.99,3.56,21.2,3.21
ORD_00743,CUST_0216,2026-01-10,64,Knife,kitchen-accessories,Unknown,4,14.99,18.86,48.65,3.26
ORD_00744,CUST_0180,2026-03-26,99,Amazon Echo Plus,mobile-accessories,Amazon,1,99.99,12.07,87.92,4.99
ORD_00745,CUST_0149,2026-03-27,90,Puma Future Rider Trainers,mens-shoes,Puma,2,89.99,4.2,172.42,4.9
ORD_00746,CUST_0216,2026-05-28,7,Chanel Coco Noir Eau De,fragrances,Chanel,5,129.99,16.51,542.64,4.26
ORD_00747,CUST_0216,2026-05-21,65,Lunch Box,kitchen-accessories,Unknown,4,12.99,10.34,46.59,4.93
ORD_00748,CUST_0272,2026-04-25,43,Decoration Swing,home-decoration,Unknown,3,59.99,10.41,161.24,3.16
ORD_00749,CUST_0058,2026-04-24,86,Man Short Sleeve Shirt,mens-shirts,Casual Comfort,4,19.99,6.83,74.5,2.9
ORD_00750,CUST_0091,2026-04-30,35,Potatoes,groceries,Unknown,3,2.29,5.38,6.5,4.81
ORD_00751,CUST_0234,2026-06-22,68,Pan,kitchen-accessories,Unknown,5,24.99,3.0,121.2,2.79
ORD_00752,CUST_0212,2026-03-18,38,Rice,groceries,Unknown,3,5.99,9.29,16.3,3.18
ORD_00753,CUST_0189,2026-04-02,82,New DELL XPS 13 9300 Laptop,laptops,Dell,2,1499.99,11.89,2643.28,2.67
ORD_00754,CUST_0014,2026-03-24,74,Spoon,kitchen-accessories,Unknown,3,4.99,1.53,14.74,4.03
ORD_00755,CUST_0160,2026-05-15,22,Dog Food,groceries,Unknown,3,10.99,10.27,29.58,4.55
ORD_00756,CUST_0105,2026-02-05,14,Knoll Saarinen Executive Conference Chair,furniture,Knoll,2,499.99,2.01,979.88,4.88
ORD_00757,CUST_0113,2026-05-15,63,Kitchen Sieve,kitchen-accessories,Unknown,1,7.99,18.91,6.48,3.09
ORD_00758,CUST_0068,2026-02-19,90,Puma Future Rider Trainers,mens-shoes,Puma,4,89.99,4.2,344.84,4.9
ORD_00759,CUST_0169,2026-06-22,12,Annibale Colombo Sofa,furniture,Annibale Colombo,1,2499.99,14.4,2139.99,3.92
ORD_00760,CUST_0241,2026-02-05,16,Apple,groceries,Unknown,2,1.99,12.62,3.48,4.19
ORD_00761,CUST_0119,2026-04-06,30,Kiwi,groceries,Unknown,2,2.49,15.22,4.22,4.93
ORD_00762,CUST_0057,2026-05-17,89,Nike Baseball Cleats,mens-shoes,Nike,4,79.99,18.04,262.24,3.88
ORD_00763,CUST_0051,2026-02-01,71,Silver Pot With Glass Cap,kitchen-accessories,Unknown,5,39.99,5.7,188.55,3.22
ORD_00764,CUST_0226,2026-03-28,36,Protein Powder,groceries,Unknown,4,19.99,7.59,73.89,4.18
ORD_00765,CUST_0241,2026-02-19,15,Wooden Bathroom Sink With Mirror,furniture,Bath Trends,2,799.99,8.8,1459.18,3.59
ORD_00766,CUST_0075,2026-01-23,31,Lemon,groceries,Unknown,2,0.79,9.7,1.43,3.53
ORD_00767,CUST_0213,2026-05-07,56,Electric Stove,kitchen-accessories,Unknown,5,49.99,14.04,214.86,4.11
ORD_00768,CUST_0045,2026-03-28,7,Chanel Coco Noir Eau De,fragrances,Chanel,3,129.99,16.51,325.59,4.26
ORD_00769,CUST_0073,2026-05-15,79,Asus Zenbook Pro Dual Screen Laptop,laptops,Asus,3,1799.99,11.14,4798.41,3.95
ORD_00770,CUST_0033,2026-03-22,82,New DELL XPS 13 9300 Laptop,laptops,Dell,2,1499.99,11.89,2643.28,2.67
ORD_00771,CUST_0132,2026-02-13,83,Blue & Black Check Shirt,mens-shirts,Fashion Trends,2,29.99,15.35,50.77,3.64
ORD_00772,CUST_0102,2026-02-01,37,Red Onions,groceries,Unknown,1,1.99,9.9,1.79,4.2
ORD_00773,CUST_0070,2026-03-12,47,Table Lamp,home-decoration,Unknown,2,49.99,7.09,92.89,3.55
ORD_00774,CUST_0216,2026-05-16,25,Green Bell Pepper,groceries,Unknown,5,1.29,0.16,6.44,3.25
ORD_00775,CUST_0053,2026-02-19,32,Milk,groceries,Unknown,1,3.49,13.74,3.01,2.61
ORD_00776,CUST_0110,2026-03-20,14,Knoll Saarinen Executive Conference Chair,furniture,Knoll,1,499.99,2.01,489.94,4.88
ORD_00777,CUST_0211,2026-03-08,31,Lemon,groceries,Unknown,5,0.79,9.7,3.57,3.53
ORD_00778,CUST_0271,2026-05-18,24,Fish Steak,groceries,Unknown,3,14.99,4.23,43.07,3.78
ORD_00779,CUST_0018,2026-03-31,94,Longines Master Collection,mens-watches,Longines,2,1499.99,17.24,2482.78,3.87
ORD_00780,CUST_0189,2026-06-06,65,Lunch Box,kitchen-accessories,Unknown,1,12.99,10.34,11.65,4.93
ORD_00781,CUST_0188,2026-04-21,100,Apple Airpods,mobile-accessories,Apple,3,129.99,15.54,329.37,4.15
ORD_00782,CUST_0133,2026-06-13,89,Nike Baseball Cleats,mens-shoes,Nike,5,79.99,18.04,327.8,3.88
ORD_00783,CUST_0152,2026-03-24,80,Huawei Matebook X Pro,laptops,Huawei,2,1399.99,9.38,2537.34,4.98
ORD_00784,CUST_0229,2026-01-03,9,Dolce Shine Eau de,fragrances,Dolce & Gabbana,4,69.99,0.62,278.22,3.96
ORD_00785,CUST_0175,2026-03-30,48,Bamboo Spatula,kitchen-accessories,Unknown,3,7.99,2.84,23.29,3.27
ORD_00786,CUST_0148,2026-04-13,41,Tissue Paper Box,groceries,Unknown,3,2.49,13.28,6.48,2.69
ORD_00787,CUST_0230,2026-05-31,56,Electric Stove,kitchen-accessories,Unknown,4,49.99,14.04,171.89,4.11
ORD_00788,CUST_0297,2026-02-10,11,Annibale Colombo Bed,furniture,Annibale Colombo,4,1899.99,8.57,6948.64,4.77
ORD_00789,CUST_0060,2026-06-02,80,Huawei Matebook X Pro,laptops,Huawei,1,1399.99,9.38,1268.67,4.98
ORD_00790,CUST_0232,2026-06-07,100,Apple Airpods,mobile-accessories,Apple,4,129.99,15.54,439.16,4.15
ORD_00791,CUST_0036,2026-02-26,89,Nike Baseball Cleats,mens-shoes,Nike,1,79.99,18.04,65.56,3.88
ORD_00792,CUST_0039,2026-02-18,41,Tissue Paper Box,groceries,Unknown,4,2.49,13.28,8.64,2.69
ORD_00793,CUST_0247,2026-06-18,61,Hand Blender,kitchen-accessories,Unknown,4,34.99,17.02,116.14,3.86
ORD_00794,CUST_0130,2026-04-11,35,Potatoes,groceries,Unknown,5,2.29,5.38,10.83,4.81
ORD_00795,CUST_0185,2026-01-31,30,Kiwi,groceries,Unknown,2,2.49,15.22,4.22,4.93
ORD_00796,CUST_0068,2026-01-11,20,Cooking Oil,groceries,Unknown,4,4.99,9.33,18.1,4.8
ORD_00797,CUST_0189,2026-03-14,95,Rolex Cellini Date Black Dial,mens-watches,Rolex,4,8999.99,8.88,32803.16,4.97
ORD_00798,CUST_0018,2026-05-03,84,Gigabyte Aorus Men Tshirt,mens-shirts,Gigabyte,1,24.99,0.94,24.76,3.18
ORD_00799,CUST_0202,2026-02-01,20,Cooking Oil,groceries,Unknown,4,4.99,9.33,18.1,4.8
ORD_00800,CUST_0068,2026-02-17,82,New DELL XPS 13 9300 Laptop,laptops,Dell,5,1499.99,11.89,6608.21,2.67
ORD_00801,CUST_0277,2026-01-26,92,Sports Sneakers Off White Red,mens-shoes,Off White,4,109.99,0.04,439.78,4.69
ORD_00802,CUST_0090,2026-05-27,68,Pan,kitchen-accessories,Unknown,5,24.99,3.0,121.2,2.79
ORD_00803,CUST_0127,2026-02-19,24,Fish Steak,groceries,Unknown,5,14.99,4.23,71.78,3.78
ORD_00804,CUST_0103,2026-02-17,97,Rolex Datejust,mens-watches,Rolex,3,10999.99,3.73,31769.07,3.66
ORD_00805,CUST_0002,2026-03-19,43,Decoration Swing,home-decoration,Unknown,5,59.99,10.41,268.73,3.16
ORD_00806,CUST_0210,2026-05-20,26,Green Chili Pepper,groceries,Unknown,4,0.99,1.0,3.92,3.66
ORD_00807,CUST_0183,2026-03-10,78,Apple MacBook Pro 14 Inch Space Grey,laptops,Apple,3,1999.99,4.69,5718.57,3.65
ORD_00808,CUST_0222,2026-02-08,84,Gigabyte Aorus Men Tshirt,mens-shirts,Gigabyte,5,24.99,0.94,123.78,3.18
ORD_00809,CUST_0203,2026-04-13,1,Essence Mascara Lash Princess,beauty,Essence,3,9.99,10.48,26.83,2.56
ORD_00810,CUST_0110,2026-01-07,100,Apple Airpods,mobile-accessories,Apple,5,129.99,15.54,548.95,4.15
ORD_00811,CUST_0063,2026-04-04,21,Cucumber,groceries,Unknown,5,1.49,0.16,7.44,4.07
ORD_00812,CUST_0219,2026-01-17,81,Lenovo Yoga 920,laptops,Lenovo,4,1099.99,6.55,4111.76,2.86
ORD_00813,CUST_0043,2026-05-15,40,Strawberry,groceries,Unknown,2,3.99,1.12,7.89,3.08
ORD_00814,CUST_0047,2026-02-03,38,Rice,groceries,Unknown,2,5.99,9.29,10.87,3.18
ORD_00815,CUST_0052,2026-03-15,20,Cooking Oil,groceries,Unknown,3,4.99,9.33,13.57,4.8
ORD_00816,CUST_0131,2026-06-05,48,Bamboo Spatula,kitchen-accessories,Unknown,4,7.99,2.84,31.05,3.27
ORD_00817,CUST_0158,2026-05-05,65,Lunch Box,kitchen-accessories,Unknown,4,12.99,10.34,46.59,4.93
ORD_00818,CUST_0041,2026-03-16,99,Amazon Echo Plus,mobile-accessories,Amazon,1,99.99,12.07,87.92,4.99
ORD_00819,CUST_0196,2026-06-16,41,Tissue Paper Box,groceries,Unknown,2,2.49,13.28,4.32,2.69
ORD_00820,CUST_0022,2026-05-12,25,Green Bell Pepper,groceries,Unknown,5,1.29,0.16,6.44,3.25
ORD_00821,CUST_0027,2026-01-18,76,Wooden Rolling Pin,kitchen-accessories,Unknown,5,11.99,9.75,54.1,2.92
ORD_00822,CUST_0125,2026-02-06,47,Table Lamp,home-decoration,Unknown,1,49.99,7.09,46.45,3.55
ORD_00823,CUST_0053,2026-03-25,19,Chicken Meat,groceries,Unknown,3,9.99,13.7,25.86,3.19
ORD_00824,CUST_0072,2026-05-24,29,Juice,groceries,Unknown,1,3.99,12.06,3.51,3.94
ORD_00825,CUST_0064,2026-05-25,91,Sports Sneakers Off White & Red,mens-shoes,Off White,3,119.99,4.97,342.08,4.77
ORD_00826,CUST_0191,2026-02-19,27,Honey Jar,groceries,Unknown,4,6.99,14.4,23.93,3.97
ORD_00827,CUST_0036,2026-01-25,26,Green Chili Pepper,groceries,Unknown,2,0.99,1.0,1.96,3.66
ORD_00828,CUST_0008,2026-03-14,95,Rolex Cellini Date Black Dial,mens-watches,Rolex,3,8999.99,8.88,24602.37,4.97
ORD_00829,CUST_0279,2026-06-02,23,Eggs,groceries,Unknown,3,2.99,11.05,7.98,2.53
ORD_00830,CUST_0190,2026-01-07,40,Strawberry,groceries,Unknown,2,3.99,1.12,7.89,3.08
ORD_00831,CUST_0026,2026-04-26,17,Beef Steak,groceries,Unknown,4,12.99,9.61,46.97,4.47
ORD_00832,CUST_0131,2026-02-07,79,Asus Zenbook Pro Dual Screen Laptop,laptops,Asus,1,1799.99,11.14,1599.47,3.95
ORD_00833,CUST_0118,2026-06-03,92,Sports Sneakers Off White Red,mens-shoes,Off White,4,109.99,0.04,439.78,4.69
ORD_00834,CUST_0075,2026-02-10,85,Man Plaid Shirt,mens-shirts,Classic Wear,1,34.99,19.5,28.17,3.46
ORD_00835,CUST_0157,2026-06-06,6,Calvin Klein CK One,fragrances,Calvin Klein,5,49.99,1.89,245.23,4.37
ORD_00836,CUST_0163,2026-04-22,31,Lemon,groceries,Unknown,1,0.79,9.7,0.71,3.53
ORD_00837,CUST_0162,2026-01-24,76,Wooden Rolling Pin,kitchen-accessories,Unknown,4,11.99,9.75,43.28,2.92
ORD_00838,CUST_0037,2026-06-18,79,Asus Zenbook Pro Dual Screen Laptop,laptops,Asus,1,1799.99,11.14,1599.47,3.95
ORD_00839,CUST_0032,2026-03-21,73,Spice Rack,kitchen-accessories,Unknown,5,19.99,12.09,87.87,4.87
ORD_00840,CUST_0018,2026-04-05,88,Nike Air Jordan 1 Red And Black,mens-shoes,Nike,1,149.99,4.12,143.81,4.77
ORD_00841,CUST_0296,2026-05-28,75,Tray,kitchen-accessories,Unknown,1,16.99,7.48,15.72,4.62
ORD_00842,CUST_0049,2026-02-21,75,Tray,kitchen-accessories,Unknown,4,16.99,7.48,62.88,4.62
ORD_00843,CUST_0128,2026-02-12,12,Annibale Colombo Sofa,furniture,Annibale Colombo,5,2499.99,14.4,10699.96,3.92
ORD_00844,CUST_0093,2026-04-01,51,Boxed Blender,kitchen-accessories,Unknown,4,39.99,7.26,148.35,4.56
ORD_00845,CUST_0152,2026-03-13,59,Glass,kitchen-accessories,Unknown,5,4.99,7.92,22.97,4.02
ORD_00846,CUST_0250,2026-06-14,79,Asus Zenbook Pro Dual Screen Laptop,laptops,Asus,5,1799.99,11.14,7997.36,3.95
ORD_00847,CUST_0240,2026-05-13,25,Green Bell Pepper,groceries,Unknown,4,1.29,0.16,5.15,3.25
ORD_00848,CUST_0087,2026-04-05,68,Pan,kitchen-accessories,Unknown,2,24.99,3.0,48.48,2.79
ORD_00849,CUST_0240,2026-05-24,19,Chicken Meat,groceries,Unknown,2,9.99,13.7,17.24,3.19
ORD_00850,CUST_0137,2026-05-10,97,Rolex Datejust,mens-watches,Rolex,1,10999.99,3.73,10589.69,3.66
ORD_00851,CUST_0245,2026-06-27,92,Sports Sneakers Off White Red,mens-shoes,Off White,1,109.99,0.04,109.95,4.69
ORD_00852,CUST_0118,2026-04-25,36,Protein Powder,groceries,Unknown,2,19.99,7.59,36.95,4.18
ORD_00853,CUST_0198,2026-06-27,48,Bamboo Spatula,kitchen-accessories,Unknown,1,7.99,2.84,7.76,3.27
ORD_00854,CUST_0067,2026-03-16,10,Gucci Bloom Eau de,fragrances,Gucci,3,79.99,14.39,205.44,2.74
ORD_00855,CUST_0185,2026-02-21,88,Nike Air Jordan 1 Red And Black,mens-shoes,Nike,1,149.99,4.12,143.81,4.77
ORD_00856,CUST_0155,2026-03-10,79,Asus Zenbook Pro Dual Screen Laptop,laptops,Asus,4,1799.99,11.14,6397.88,3.95
ORD_00857,CUST_0184,2026-06-09,98,Rolex Submariner Watch,mens-watches,Rolex,3,13999.99,5.05,39878.97,2.69
ORD_00858,CUST_0234,2026-05-19,31,Lemon,groceries,Unknown,2,0.79,9.7,1.43,3.53
ORD_00859,CUST_0063,2026-04-20,34,Nescafe Coffee,groceries,Unknown,2,7.99,1.59,15.73,4.82
ORD_00860,CUST_0089,2026-05-30,66,Microwave Oven,kitchen-accessories,Unknown,5,89.99,12.13,395.37,4.82
ORD_00861,CUST_0285,2026-02-09,3,Powder Canister,beauty,Velvet Touch,3,14.99,9.84,40.54,4.64
ORD_00862,CUST_0276,2026-04-12,72,Slotted Turner,kitchen-accessories,Unknown,2,8.99,13.35,15.58,3.4
ORD_00863,CUST_0182,2026-01-10,50,Black Whisk,kitchen-accessories,Unknown,3,9.99,10.24,26.9,3.9
ORD_00864,CUST_0136,2026-06-05,35,Potatoes,groceries,Unknown,5,2.29,5.38,10.83,4.81
ORD_00865,CUST_0226,2026-03-13,4,Red Lipstick,beauty,Chic Cosmetics,5,12.99,12.16,57.05,4.36
ORD_00866,CUST_0125,2026-01-10,95,Rolex Cellini Date Black Dial,mens-watches,Rolex,5,8999.99,8.88,41003.95,4.97
ORD_00867,CUST_0108,2026-02-16,75,Tray,kitchen-accessories,Unknown,3,16.99,7.48,47.16,4.62
ORD_00868,CUST_0158,2026-05-15,87,Men Check Shirt,mens-shirts,Urban Chic,2,27.99,11.38,49.61,2.72
ORD_00869,CUST_0221,2026-02-08,89,Nike Baseball Cleats,mens-shoes,Nike,2,79.99,18.04,131.12,3.88
ORD_00870,CUST_0165,2026-05-21,54,Citrus Squeezer Yellow,kitchen-accessories,Unknown,3,8.99,12.1,23.71,4.63
ORD_00871,CUST_0240,2026-02-11,25,Green Bell Pepper,groceries,Unknown,4,1.29,0.16,5.15,3.25
ORD_00872,CUST_0123,2026-06-22,3,Powder Canister,beauty,Velvet Touch,2,14.99,9.84,27.03,4.64
ORD_00873,CUST_0133,2026-04-25,72,Slotted Turner,kitchen-accessories,Unknown,1,8.99,13.35,7.79,3.4
ORD_00874,CUST_0112,2026-04-06,75,Tray,kitchen-accessories,Unknown,5,16.99,7.48,78.6,4.62
ORD_00875,CUST_0031,2026-03-22,48,Bamboo Spatula,kitchen-accessories,Unknown,1,7.99,2.84,7.76,3.27
ORD_00876,CUST_0019,2026-02-06,65,Lunch Box,kitchen-accessories,Unknown,2,12.99,10.34,23.29,4.93
ORD_00877,CUST_0006,2026-05-27,89,Nike Baseball Cleats,mens-shoes,Nike,5,79.99,18.04,327.8,3.88
ORD_00878,CUST_0018,2026-04-15,35,Potatoes,groceries,Unknown,5,2.29,5.38,10.83,4.81
ORD_00879,CUST_0039,2026-06-25,15,Wooden Bathroom Sink With Mirror,furniture,Bath Trends,2,799.99,8.8,1459.18,3.59
ORD_00880,CUST_0051,2026-06-15,91,Sports Sneakers Off White & Red,mens-shoes,Off White,4,119.99,4.97,456.11,4.77
ORD_00881,CUST_0248,2026-01-31,34,Nescafe Coffee,groceries,Unknown,5,7.99,1.59,39.31,4.82
ORD_00882,CUST_0088,2026-01-17,22,Dog Food,groceries,Unknown,1,10.99,10.27,9.86,4.55
ORD_00883,CUST_0057,2026-01-13,13,Bedside Table African Cherry,furniture,Furniture Co.,2,299.99,19.09,485.44,2.87
ORD_00884,CUST_0019,2026-01-14,99,Amazon Echo Plus,mobile-accessories,Amazon,1,99.99,12.07,87.92,4.99
ORD_00885,CUST_0010,2026-05-29,14,Knoll Saarinen Executive Conference Chair,furniture,Knoll,3,499.99,2.01,1469.82,4.88
ORD_00886,CUST_0221,2026-05-20,59,Glass,kitchen-accessories,Unknown,1,4.99,7.92,4.59,4.02
ORD_00887,CUST_0012,2026-06-08,64,Knife,kitchen-accessories,Unknown,3,14.99,18.86,36.49,3.26
ORD_00888,CUST_0093,2026-04-04,64,Knife,kitchen-accessories,Unknown,3,14.99,18.86,36.49,3.26
ORD_00889,CUST_0282,2026-03-22,72,Slotted Turner,kitchen-accessories,Unknown,3,8.99,13.35,23.37,3.4
ORD_00890,CUST_0212,2026-03-26,35,Potatoes,groceries,Unknown,1,2.29,5.38,2.17,4.81
ORD_00891,CUST_0021,2026-05-24,17,Beef Steak,groceries,Unknown,3,12.99,9.61,35.22,4.47
ORD_00892,CUST_0235,2026-01-28,27,Honey Jar,groceries,Unknown,3,6.99,14.4,17.95,3.97
ORD_00893,CUST_0227,2026-06-01,25,Green Bell Pepper,groceries,Unknown,4,1.29,0.16,5.15,3.25
ORD_00894,CUST_0207,2026-05-04,34,Nescafe Coffee,groceries,Unknown,5,7.99,1.59,39.31,4.82
ORD_00895,CUST_0194,2026-01-14,86,Man Short Sleeve Shirt,mens-shirts,Casual Comfort,5,19.99,6.83,93.12,2.9
ORD_00896,CUST_0265,2026-02-25,77,Yellow Peeler,kitchen-accessories,Unknown,2,5.99,12.48,10.48,4.24
ORD_00897,CUST_0226,2026-05-05,22,Dog Food,groceries,Unknown,3,10.99,10.27,29.58,4.55
ORD_00898,CUST_0196,2026-02-23,91,Sports Sneakers Off White & Red,mens-shoes,Off White,1,119.99,4.97,114.03,4.77
ORD_00899,CUST_0296,2026-02-22,57,Fine Mesh Strainer,kitchen-accessories,Unknown,2,9.99,3.5,19.28,3.04
ORD_00900,CUST_0102,2026-04-22,56,Electric Stove,kitchen-accessories,Unknown,2,49.99,14.04,85.94,4.11
ORD_00901,CUST_0134,2026-04-23,62,Ice Cube Tray,kitchen-accessories,Unknown,1,5.99,0.63,5.95,4.71
ORD_00902,CUST_0278,2026-05-05,14,Knoll Saarinen Executive Conference Chair,furniture,Knoll,2,499.99,2.01,979.88,4.88
ORD_00903,CUST_0186,2026-05-03,68,Pan,kitchen-accessories,Unknown,3,24.99,3.0,72.72,2.79
ORD_00904,CUST_0183,2026-03-22,8,Dior J'adore,fragrances,Dior,4,89.99,14.72,306.97,3.8
ORD_00905,CUST_0016,2026-01-16,41,Tissue Paper Box,groceries,Unknown,3,2.49,13.28,6.48,2.69
ORD_00906,CUST_0299,2026-03-21,23,Eggs,groceries,Unknown,2,2.99,11.05,5.32,2.53
ORD_00907,CUST_0250,2026-02-12,75,Tray,kitchen-accessories,Unknown,4,16.99,7.48,62.88,4.62
ORD_00908,CUST_0254,2026-04-09,83,Blue & Black Check Shirt,mens-shirts,Fashion Trends,3,29.99,15.35,76.16,3.64
ORD_00909,CUST_0012,2026-03-27,77,Yellow Peeler,kitchen-accessories,Unknown,5,5.99,12.48,26.21,4.24
ORD_00910,CUST_0163,2026-04-22,50,Black Whisk,kitchen-accessories,Unknown,1,9.99,10.24,8.97,3.9
ORD_00911,CUST_0217,2026-03-30,93,Brown Leather Belt Watch,mens-watches,Fashion Timepieces,5,89.99,5.99,423.0,4.19
ORD_00912,CUST_0288,2026-04-19,53,Chopping Board,kitchen-accessories,Unknown,4,12.99,8.03,47.79,3.7
ORD_00913,CUST_0300,2026-01-13,74,Spoon,kitchen-accessories,Unknown,1,4.99,1.53,4.91,4.03
ORD_00914,CUST_0123,2026-03-28,52,Carbon Steel Wok,kitchen-accessories,Unknown,4,29.99,6.53,112.13,4.05
ORD_00915,CUST_0155,2026-03-30,93,Brown Leather Belt Watch,mens-watches,Fashion Timepieces,2,89.99,5.99,169.2,4.19
ORD_00916,CUST_0168,2026-06-23,47,Table Lamp,home-decoration,Unknown,5,49.99,7.09,232.23,3.55
ORD_00917,CUST_0154,2026-02-02,46,Plant Pot,home-decoration,Unknown,3,14.99,6.84,41.89,3.01
ORD_00918,CUST_0128,2026-01-18,22,Dog Food,groceries,Unknown,1,10.99,10.27,9.86,4.55
ORD_00919,CUST_0177,2026-03-19,1,Essence Mascara Lash Princess,beauty,Essence,4,9.99,10.48,35.77,2.56
ORD_00920,CUST_0110,2026-05-13,77,Yellow Peeler,kitchen-accessories,Unknown,3,5.99,12.48,15.73,4.24
ORD_00921,CUST_0213,2026-04-13,4,Red Lipstick,beauty,Chic Cosmetics,2,12.99,12.16,22.82,4.36
ORD_00922,CUST_0293,2026-06-19,16,Apple,groceries,Unknown,1,1.99,12.62,1.74,4.19
ORD_00923,CUST_0291,2026-04-23,17,Beef Steak,groceries,Unknown,3,12.99,9.61,35.22,4.47
ORD_00924,CUST_0059,2026-04-26,33,Mulberry,groceries,Unknown,2,4.99,12.87,8.7,4.95
ORD_00925,CUST_0093,2026-05-17,42,Water,groceries,Unknown,2,0.99,14.92,1.68,4.96
ORD_00926,CUST_0046,2026-06-13,24,Fish Steak,groceries,Unknown,2,14.99,4.23,28.71,3.78
ORD_00927,CUST_0284,2026-05-17,51,Boxed Blender,kitchen-accessories,Unknown,1,39.99,7.26,37.09,4.56
ORD_00928,CUST_0148,2026-06-29,85,Man Plaid Shirt,mens-shirts,Classic Wear,2,34.99,19.5,56.33,3.46
ORD_00929,CUST_0243,2026-02-21,23,Eggs,groceries,Unknown,4,2.99,11.05,10.64,2.53
ORD_00930,CUST_0105,2026-02-17,26,Green Chili Pepper,groceries,Unknown,4,0.99,1.0,3.92,3.66
ORD_00931,CUST_0192,2026-06-28,59,Glass,kitchen-accessories,Unknown,4,4.99,7.92,18.38,4.02
ORD_00932,CUST_0003,2026-04-05,100,Apple Airpods,mobile-accessories,Apple,1,129.99,15.54,109.79,4.15
ORD_00933,CUST_0103,2026-06-04,64,Knife,kitchen-accessories,Unknown,4,14.99,18.86,48.65,3.26
ORD_00934,CUST_0121,2026-02-06,94,Longines Master Collection,mens-watches,Longines,2,1499.99,17.24,2482.78,3.87
ORD_00935,CUST_0114,2026-05-30,53,Chopping Board,kitchen-accessories,Unknown,4,12.99,8.03,47.79,3.7
ORD_00936,CUST_0068,2026-03-21,31,Lemon,groceries,Unknown,5,0.79,9.7,3.57,3.53
ORD_00937,CUST_0073,2026-06-27,99,Amazon Echo Plus,mobile-accessories,Amazon,3,99.99,12.07,263.76,4.99
ORD_00938,CUST_0276,2026-05-24,91,Sports Sneakers Off White & Red,mens-shoes,Off White,3,119.99,4.97,342.08,4.77
ORD_00939,CUST_0289,2026-02-27,27,Honey Jar,groceries,Unknown,1,6.99,14.4,5.98,3.97
ORD_00940,CUST_0192,2026-04-11,55,Egg Slicer,kitchen-accessories,Unknown,1,6.99,14.76,5.96,3.09
ORD_00941,CUST_0053,2026-04-25,51,Boxed Blender,kitchen-accessories,Unknown,3,39.99,7.26,111.26,4.56
ORD_00942,CUST_0124,2026-05-15,41,Tissue Paper Box,groceries,Unknown,4,2.49,13.28,8.64,2.69
ORD_00943,CUST_0243,2026-03-01,34,Nescafe Coffee,groceries,Unknown,3,7.99,1.59,23.59,4.82
ORD_00944,CUST_0159,2026-02-03,13,Bedside Table African Cherry,furniture,Furniture Co.,3,299.99,19.09,728.17,2.87
ORD_00945,CUST_0160,2026-03-22,86,Man Short Sleeve Shirt,mens-shirts,Casual Comfort,5,19.99,6.83,93.12,2.9
ORD_00946,CUST_0017,2026-05-17,23,Eggs,groceries,Unknown,1,2.99,11.05,2.66,2.53
ORD_00947,CUST_0296,2026-01-04,56,Electric Stove,kitchen-accessories,Unknown,1,49.99,14.04,42.97,4.11
ORD_00948,CUST_0293,2026-02-01,32,Milk,groceries,Unknown,1,3.49,13.74,3.01,2.61
ORD_00949,CUST_0077,2026-02-19,66,Microwave Oven,kitchen-accessories,Unknown,5,89.99,12.13,395.37,4.82
ORD_00950,CUST_0207,2026-01-10,7,Chanel Coco Noir Eau De,fragrances,Chanel,1,129.99,16.51,108.53,4.26
ORD_00951,CUST_0277,2026-01-04,59,Glass,kitchen-accessories,Unknown,5,4.99,7.92,22.97,4.02
ORD_00952,CUST_0007,2026-01-28,85,Man Plaid Shirt,mens-shirts,Classic Wear,1,34.99,19.5,28.17,3.46
ORD_00953,CUST_0156,2026-03-22,61,Hand Blender,kitchen-accessories,Unknown,2,34.99,17.02,58.07,3.86
ORD_00954,CUST_0203,2026-01-13,45,House Showpiece Plant,home-decoration,Unknown,2,39.99,7.46,74.01,4.67
ORD_00955,CUST_0136,2026-06-10,81,Lenovo Yoga 920,laptops,Lenovo,4,1099.99,6.55,4111.76,2.86
ORD_00956,CUST_0038,2026-02-02,2,Eyeshadow Palette with Mirror,beauty,Glamour Beauty,3,19.99,18.19,49.06,2.86
ORD_00957,CUST_0179,2026-04-09,91,Sports Sneakers Off White & Red,mens-shoes,Off White,2,119.99,4.97,228.05,4.77
ORD_00958,CUST_0205,2026-02-06,16,Apple,groceries,Unknown,5,1.99,12.62,8.69,4.19
ORD_00959,CUST_0243,2026-05-11,66,Microwave Oven,kitchen-accessories,Unknown,1,89.99,12.13,79.07,4.82
ORD_00960,CUST_0059,2026-06-21,60,Grater Black,kitchen-accessories,Unknown,5,10.99,3.56,52.99,3.21
ORD_00961,CUST_0262,2026-02-24,50,Black Whisk,kitchen-accessories,Unknown,3,9.99,10.24,26.9,3.9
ORD_00962,CUST_0277,2026-03-06,48,Bamboo Spatula,kitchen-accessories,Unknown,4,7.99,2.84,31.05,3.27
ORD_00963,CUST_0223,2026-01-09,23,Eggs,groceries,Unknown,4,2.99,11.05,10.64,2.53
ORD_00964,CUST_0032,2026-05-09,36,Protein Powder,groceries,Unknown,3,19.99,7.59,55.42,4.18
ORD_00965,CUST_0108,2026-03-21,2,Eyeshadow Palette with Mirror,beauty,Glamour Beauty,2,19.99,18.19,32.71,2.86
ORD_00966,CUST_0164,2026-04-20,65,Lunch Box,kitchen-accessories,Unknown,2,12.99,10.34,23.29,4.93
ORD_00967,CUST_0190,2026-05-26,78,Apple MacBook Pro 14 Inch Space Grey,laptops,Apple,3,1999.99,4.69,5718.57,3.65
ORD_00968,CUST_0067,2026-01-19,72,Slotted Turner,kitchen-accessories,Unknown,1,8.99,13.35,7.79,3.4
ORD_00969,CUST_0260,2026-04-19,48,Bamboo Spatula,kitchen-accessories,Unknown,4,7.99,2.84,31.05,3.27
ORD_00970,CUST_0209,2026-01-08,25,Green Bell Pepper,groceries,Unknown,1,1.29,0.16,1.29,3.25
ORD_00971,CUST_0260,2026-03-23,23,Eggs,groceries,Unknown,3,2.99,11.05,7.98,2.53
ORD_00972,CUST_0049,2026-02-01,42,Water,groceries,Unknown,1,0.99,14.92,0.84,4.96
ORD_00973,CUST_0042,2026-06-16,83,Blue & Black Check Shirt,mens-shirts,Fashion Trends,3,29.99,15.35,76.16,3.64
ORD_00974,CUST_0131,2026-06-17,21,Cucumber,groceries,Unknown,4,1.49,0.16,5.95,4.07
ORD_00975,CUST_0160,2026-06-16,2,Eyeshadow Palette with Mirror,beauty,Glamour Beauty,2,19.99,18.19,32.71,2.86
ORD_00976,CUST_0156,2026-01-03,96,Rolex Cellini Moonphase,mens-watches,Rolex,3,12999.99,17.52,32167.18,2.58
ORD_00977,CUST_0262,2026-06-24,77,Yellow Peeler,kitchen-accessories,Unknown,4,5.99,12.48,20.97,4.24
ORD_00978,CUST_0059,2026-06-24,91,Sports Sneakers Off White & Red,mens-shoes,Off White,2,119.99,4.97,228.05,4.77
ORD_00979,CUST_0058,2026-01-15,56,Electric Stove,kitchen-accessories,Unknown,4,49.99,14.04,171.89,4.11
ORD_00980,CUST_0021,2026-04-21,85,Man Plaid Shirt,mens-shirts,Classic Wear,1,34.99,19.5,28.17,3.46
ORD_00981,CUST_0282,2026-03-17,62,Ice Cube Tray,kitchen-accessories,Unknown,3,5.99,0.63,17.86,4.71
ORD_00982,CUST_0192,2026-01-28,58,Fork,kitchen-accessories,Unknown,3,3.99,8.07,11.0,3.11
ORD_00983,CUST_0199,2026-01-14,74,Spoon,kitchen-accessories,Unknown,4,4.99,1.53,19.65,4.03
ORD_00984,CUST_0211,2026-06-02,73,Spice Rack,kitchen-accessories,Unknown,1,19.99,12.09,17.57,4.87
ORD_00985,CUST_0158,2026-04-02,48,Bamboo Spatula,kitchen-accessories,Unknown,4,7.99,2.84,31.05,3.27
ORD_00986,CUST_0164,2026-06-24,32,Milk,groceries,Unknown,5,3.49,13.74,15.05,2.61
ORD_00987,CUST_0040,2026-03-08,74,Spoon,kitchen-accessories,Unknown,1,4.99,1.53,4.91,4.03
ORD_00988,CUST_0291,2026-02-09,18,Cat Food,groceries,Unknown,2,8.99,9.58,16.26,3.13
ORD_00989,CUST_0219,2026-06-19,47,Table Lamp,home-decoration,Unknown,3,49.99,7.09,139.34,3.55
ORD_00990,CUST_0157,2026-02-08,74,Spoon,kitchen-accessories,Unknown,1,4.99,1.53,4.91,4.03
ORD_00991,CUST_0285,2026-03-10,86,Man Short Sleeve Shirt,mens-shirts,Casual Comfort,4,19.99,6.83,74.5,2.9
ORD_00992,CUST_0060,2026-02-13,86,Man Short Sleeve Shirt,mens-shirts,Casual Comfort,4,19.99,6.83,74.5,2.9
ORD_00993,CUST_0177,2026-06-16,62,Ice Cube Tray,kitchen-accessories,Unknown,3,5.99,0.63,17.86,4.71
ORD_00994,CUST_0038,2026-05-05,26,Green Chili Pepper,groceries,Unknown,1,0.99,1.0,0.98,3.66
ORD_00995,CUST_0194,2026-01-28,99,Amazon Echo Plus,mobile-accessories,Amazon,3,99.99,12.07,263.76,4.99
ORD_00996,CUST_0136,2026-05-02,9,Dolce Shine Eau de,fragrances,Dolce & Gabbana,4,69.99,0.62,278.22,3.96
ORD_00997,CUST_0258,2026-01-13,34,Nescafe Coffee,groceries,Unknown,2,7.99,1.59,15.73,4.82
ORD_00998,CUST_0125,2026-05-16,48,Bamboo Spatula,kitchen-accessories,Unknown,4,7.99,2.84,31.05,3.27
ORD_00999,CUST_0043,2026-03-02,29,Juice,groceries,Unknown,3,3.99,12.06,10.53,3.94
ORD_01000,CUST_0008,2026-04-04,85,Man Plaid Shirt,mens-shirts,Classic Wear,4,34.99,19.5,112.67,3.46
ORD_01001,CUST_0096,2026-03-22,85,Man Plaid Shirt,mens-shirts,Classic Wear,1,34.99,19.5,28.17,3.46
ORD_01002,CUST_0241,2026-04-28,96,Rolex Cellini Moonphase,mens-watches,Rolex,2,12999.99,17.52,21444.78,2.58
ORD_01003,CUST_0057,2026-06-09,12,Annibale Colombo Sofa,furniture,Annibale Colombo,2,2499.99,14.4,4279.98,3.92
ORD_01004,CUST_0207,2026-01-26,49,Black Aluminium Cup,kitchen-accessories,Unknown,2,5.99,15.65,10.11,4.46
ORD_01005,CUST_0082,2026-05-04,16,Apple,groceries,Unknown,1,1.99,12.62,1.74,4.19
ORD_01006,CUST_0040,2026-02-21,5,Red Nail Polish,beauty,Nail Couture,3,8.99,11.44,23.88,4.32
ORD_01007,CUST_0137,2026-03-21,14,Knoll Saarinen Executive Conference Chair,furniture,Knoll,2,499.99,2.01,979.88,4.88
ORD_01008,CUST_0208,2026-04-04,42,Water,groceries,Unknown,3,0.99,14.92,2.53,4.96
ORD_01009,CUST_0081,2026-01-06,28,Ice Cream,groceries,Unknown,3,5.49,8.69,15.04,3.39
ORD_01010,CUST_0206,2026-03-09,62,Ice Cube Tray,kitchen-accessories,Unknown,2,5.99,0.63,11.9,4.71
ORD_01011,CUST_0099,2026-01-20,66,Microwave Oven,kitchen-accessories,Unknown,4,89.99,12.13,316.3,4.82
ORD_01012,CUST_0124,2026-02-14,2,Eyeshadow Palette with Mirror,beauty,Glamour Beauty,3,19.99,18.19,49.06,2.86
ORD_01013,CUST_0101,2026-03-12,46,Plant Pot,home-decoration,Unknown,2,14.99,6.84,27.93,3.01
ORD_01014,CUST_0230,2026-03-10,82,New DELL XPS 13 9300 Laptop,laptops,Dell,1,1499.99,11.89,1321.64,2.67
ORD_01015,CUST_0255,2026-04-17,54,Citrus Squeezer Yellow,kitchen-accessories,Unknown,2,8.99,12.1,15.8,4.63
ORD_01016,CUST_0044,2026-04-03,3,Powder Canister,beauty,Velvet Touch,4,14.99,9.84,54.06,4.64
ORD_01017,CUST_0227,2026-03-17,35,Potatoes,groceries,Unknown,5,2.29,5.38,10.83,4.81
ORD_01018,CUST_0222,2026-05-21,11,Annibale Colombo Bed,furniture,Annibale Colombo,1,1899.99,8.57,1737.16,4.77
ORD_01019,CUST_0251,2026-01-05,95,Rolex Cellini Date Black Dial,mens-watches,Rolex,2,8999.99,8.88,16401.58,4.97
ORD_01020,CUST_0294,2026-05-18,61,Hand Blender,kitchen-accessories,Unknown,2,34.99,17.02,58.07,3.86
ORD_01021,CUST_0272,2026-05-22,29,Juice,groceries,Unknown,4,3.99,12.06,14.04,3.94
ORD_01022,CUST_0151,2026-06-17,64,Knife,kitchen-accessories,Unknown,2,14.99,18.86,24.33,3.26
ORD_01023,CUST_0295,2026-01-08,99,Amazon Echo Plus,mobile-accessories,Amazon,4,99.99,12.07,351.68,4.99
ORD_01024,CUST_0110,2026-04-09,45,House Showpiece Plant,home-decoration,Unknown,5,39.99,7.46,185.03,4.67
ORD_01025,CUST_0161,2026-03-02,15,Wooden Bathroom Sink With Mirror,furniture,Bath Trends,4,799.99,8.8,2918.36,3.59
ORD_01026,CUST_0028,2026-01-03,99,Amazon Echo Plus,mobile-accessories,Amazon,1,99.99,12.07,87.92,4.99
ORD_01027,CUST_0024,2026-06-01,46,Plant Pot,home-decoration,Unknown,1,14.99,6.84,13.96,3.01
ORD_01028,CUST_0154,2026-03-28,33,Mulberry,groceries,Unknown,1,4.99,12.87,4.35,4.95
ORD_01029,CUST_0046,2026-03-27,98,Rolex Submariner Watch,mens-watches,Rolex,2,13999.99,5.05,26585.98,2.69
ORD_01030,CUST_0006,2026-01-10,14,Knoll Saarinen Executive Conference Chair,furniture,Knoll,2,499.99,2.01,979.88,4.88
ORD_01031,CUST_0218,2026-02-17,95,Rolex Cellini Date Black Dial,mens-watches,Rolex,5,8999.99,8.88,41003.95,4.97
ORD_01032,CUST_0237,2026-01-17,51,Boxed Blender,kitchen-accessories,Unknown,1,39.99,7.26,37.09,4.56
ORD_01033,CUST_0165,2026-06-17,43,Decoration Swing,home-decoration,Unknown,1,59.99,10.41,53.75,3.16
ORD_01034,CUST_0220,2026-06-24,51,Boxed Blender,kitchen-accessories,Unknown,5,39.99,7.26,185.43,4.56
ORD_01035,CUST_0293,2026-04-01,26,Green Chili Pepper,groceries,Unknown,5,0.99,1.0,4.9,3.66
ORD_01036,CUST_0218,2026-03-22,86,Man Short Sleeve Shirt,mens-shirts,Casual Comfort,1,19.99,6.83,18.62,2.9
ORD_01037,CUST_0039,2026-06-03,28,Ice Cream,groceries,Unknown,3,5.49,8.69,15.04,3.39
ORD_01038,CUST_0259,2026-04-06,39,Soft Drinks,groceries,Unknown,2,1.99,17.48,3.28,4.75
ORD_01039,CUST_0274,2026-02-03,98,Rolex Submariner Watch,mens-watches,Rolex,2,13999.99,5.05,26585.98,2.69
ORD_01040,CUST_0213,2026-01-06,31,Lemon,groceries,Unknown,1,0.79,9.7,0.71,3.53
ORD_01041,CUST_0121,2026-02-06,40,Strawberry,groceries,Unknown,3,3.99,1.12,11.84,3.08
ORD_01042,CUST_0215,2026-02-02,69,Plate,kitchen-accessories,Unknown,3,3.99,7.31,11.09,3.65
ORD_01043,CUST_0153,2026-02-17,68,Pan,kitchen-accessories,Unknown,2,24.99,3.0,48.48,2.79
ORD_01044,CUST_0152,2026-03-04,36,Protein Powder,groceries,Unknown,3,19.99,7.59,55.42,4.18
ORD_01045,CUST_0092,2026-03-25,72,Slotted Turner,kitchen-accessories,Unknown,3,8.99,13.35,23.37,3.4
ORD_01046,CUST_0196,2026-06-03,37,Red Onions,groceries,Unknown,1,1.99,9.9,1.79,4.2
ORD_01047,CUST_0017,2026-02-08,58,Fork,kitchen-accessories,Unknown,2,3.99,8.07,7.34,3.11
ORD_01048,CUST_0013,2026-03-03,91,Sports Sneakers Off White & Red,mens-shoes,Off White,3,119.99,4.97,342.08,4.77
ORD_01049,CUST_0223,2026-03-31,4,Red Lipstick,beauty,Chic Cosmetics,3,12.99,12.16,34.23,4.36
ORD_01050,CUST_0167,2026-02-12,13,Bedside Table African Cherry,furniture,Furniture Co.,5,299.99,19.09,1213.61,2.87
ORD_01051,CUST_0204,2026-01-24,75,Tray,kitchen-accessories,Unknown,2,16.99,7.48,31.44,4.62
ORD_01052,CUST_0090,2026-06-18,81,Lenovo Yoga 920,laptops,Lenovo,5,1099.99,6.55,5139.7,2.86
ORD_01053,CUST_0068,2026-05-08,61,Hand Blender,kitchen-accessories,Unknown,1,34.99,17.02,29.03,3.86
ORD_01054,CUST_0125,2026-06-28,72,Slotted Turner,kitchen-accessories,Unknown,4,8.99,13.35,31.16,3.4
ORD_01055,CUST_0147,2026-01-30,35,Potatoes,groceries,Unknown,3,2.29,5.38,6.5,4.81
ORD_01056,CUST_0034,2026-04-06,52,Carbon Steel Wok,kitchen-accessories,Unknown,5,29.99,6.53,140.16,4.05
ORD_01057,CUST_0235,2026-04-21,18,Cat Food,groceries,Unknown,3,8.99,9.58,24.39,3.13
ORD_01058,CUST_0105,2026-06-16,2,Eyeshadow Palette with Mirror,beauty,Glamour Beauty,1,19.99,18.19,16.35,2.86
ORD_01059,CUST_0182,2026-01-08,27,Honey Jar,groceries,Unknown,2,6.99,14.4,11.97,3.97
ORD_01060,CUST_0284,2026-02-13,11,Annibale Colombo Bed,furniture,Annibale Colombo,4,1899.99,8.57,6948.64,4.77
ORD_01061,CUST_0101,2026-01-06,28,Ice Cream,groceries,Unknown,5,5.49,8.69,25.06,3.39
ORD_01062,CUST_0106,2026-02-04,28,Ice Cream,groceries,Unknown,2,5.49,8.69,10.03,3.39
ORD_01063,CUST_0274,2026-03-11,38,Rice,groceries,Unknown,3,5.99,9.29,16.3,3.18
ORD_01064,CUST_0295,2026-03-01,34,Nescafe Coffee,groceries,Unknown,2,7.99,1.59,15.73,4.82
ORD_01065,CUST_0099,2026-01-05,9,Dolce Shine Eau de,fragrances,Dolce & Gabbana,4,69.99,0.62,278.22,3.96
ORD_01066,CUST_0068,2026-05-17,21,Cucumber,groceries,Unknown,2,1.49,0.16,2.98,4.07
ORD_01067,CUST_0180,2026-06-17,100,Apple Airpods,mobile-accessories,Apple,2,129.99,15.54,219.58,4.15
ORD_01068,CUST_0014,2026-04-06,51,Boxed Blender,kitchen-accessories,Unknown,4,39.99,7.26,148.35,4.56
ORD_01069,CUST_0280,2026-05-20,32,Milk,groceries,Unknown,1,3.49,13.74,3.01,2.61
ORD_01070,CUST_0021,2026-06-01,77,Yellow Peeler,kitchen-accessories,Unknown,4,5.99,12.48,20.97,4.24
ORD_01071,CUST_0144,2026-03-20,90,Puma Future Rider Trainers,mens-shoes,Puma,1,89.99,4.2,86.21,4.9
ORD_01072,CUST_0037,2026-05-26,77,Yellow Peeler,kitchen-accessories,Unknown,4,5.99,12.48,20.97,4.24
ORD_01073,CUST_0230,2026-06-17,31,Lemon,groceries,Unknown,1,0.79,9.7,0.71,3.53
ORD_01074,CUST_0148,2026-06-28,10,Gucci Bloom Eau de,fragrances,Gucci,5,79.99,14.39,342.4,2.74
ORD_01075,CUST_0134,2026-01-17,78,Apple MacBook Pro 14 Inch Space Grey,laptops,Apple,1,1999.99,4.69,1906.19,3.65
ORD_01076,CUST_0083,2026-01-07,66,Microwave Oven,kitchen-accessories,Unknown,1,89.99,12.13,79.07,4.82
ORD_01077,CUST_0201,2026-05-24,78,Apple MacBook Pro 14 Inch Space Grey,laptops,Apple,4,1999.99,4.69,7624.76,3.65
ORD_01078,CUST_0241,2026-06-04,61,Hand Blender,kitchen-accessories,Unknown,3,34.99,17.02,87.1,3.86
ORD_01079,CUST_0105,2026-02-19,10,Gucci Bloom Eau de,fragrances,Gucci,4,79.99,14.39,273.92,2.74
ORD_01080,CUST_0294,2026-01-08,42,Water,groceries,Unknown,5,0.99,14.92,4.21,4.96
ORD_01081,CUST_0198,2026-02-17,45,House Showpiece Plant,home-decoration,Unknown,3,39.99,7.46,111.02,4.67
ORD_01082,CUST_0292,2026-03-18,40,Strawberry,groceries,Unknown,5,3.99,1.12,19.73,3.08
ORD_01083,CUST_0015,2026-02-18,88,Nike Air Jordan 1 Red And Black,mens-shoes,Nike,1,149.99,4.12,143.81,4.77
ORD_01084,CUST_0259,2026-03-18,90,Puma Future Rider Trainers,mens-shoes,Puma,5,89.99,4.2,431.05,4.9
ORD_01085,CUST_0228,2026-04-01,33,Mulberry,groceries,Unknown,4,4.99,12.87,17.39,4.95
ORD_01086,CUST_0016,2026-02-16,42,Water,groceries,Unknown,3,0.99,14.92,2.53,4.96
ORD_01087,CUST_0113,2026-01-28,51,Boxed Blender,kitchen-accessories,Unknown,1,39.99,7.26,37.09,4.56
ORD_01088,CUST_0231,2026-04-12,36,Protein Powder,groceries,Unknown,4,19.99,7.59,73.89,4.18
ORD_01089,CUST_0166,2026-05-29,42,Water,groceries,Unknown,3,0.99,14.92,2.53,4.96
ORD_01090,CUST_0290,2026-06-24,26,Green Chili Pepper,groceries,Unknown,4,0.99,1.0,3.92,3.66
ORD_01091,CUST_0003,2026-06-24,79,Asus Zenbook Pro Dual Screen Laptop,laptops,Asus,3,1799.99,11.14,4798.41,3.95
ORD_01092,CUST_0174,2026-01-26,84,Gigabyte Aorus Men Tshirt,mens-shirts,Gigabyte,1,24.99,0.94,24.76,3.18
ORD_01093,CUST_0278,2026-01-31,53,Chopping Board,kitchen-accessories,Unknown,3,12.99,8.03,35.84,3.7
ORD_01094,CUST_0069,2026-04-16,82,New DELL XPS 13 9300 Laptop,laptops,Dell,2,1499.99,11.89,2643.28,2.67
ORD_01095,CUST_0095,2026-06-17,27,Honey Jar,groceries,Unknown,1,6.99,14.4,5.98,3.97
ORD_01096,CUST_0283,2026-04-12,12,Annibale Colombo Sofa,furniture,Annibale Colombo,2,2499.99,14.4,4279.98,3.92
ORD_01097,CUST_0115,2026-01-11,73,Spice Rack,kitchen-accessories,Unknown,2,19.99,12.09,35.15,4.87
ORD_01098,CUST_0102,2026-05-27,60,Grater Black,kitchen-accessories,Unknown,1,10.99,3.56,10.6,3.21
ORD_01099,CUST_0004,2026-04-03,7,Chanel Coco Noir Eau De,fragrances,Chanel,3,129.99,16.51,325.59,4.26
ORD_01100,CUST_0089,2026-04-30,26,Green Chili Pepper,groceries,Unknown,1,0.99,1.0,0.98,3.66
ORD_01101,CUST_0114,2026-06-18,12,Annibale Colombo Sofa,furniture,Annibale Colombo,2,2499.99,14.4,4279.98,3.92
ORD_01102,CUST_0079,2026-02-03,90,Puma Future Rider Trainers,mens-shoes,Puma,2,89.99,4.2,172.42,4.9
ORD_01103,CUST_0079,2026-04-16,33,Mulberry,groceries,Unknown,1,4.99,12.87,4.35,4.95
ORD_01104,CUST_0101,2026-03-21,72,Slotted Turner,kitchen-accessories,Unknown,3,8.99,13.35,23.37,3.4
ORD_01105,CUST_0142,2026-01-19,16,Apple,groceries,Unknown,4,1.99,12.62,6.96,4.19
ORD_01106,CUST_0217,2026-03-23,100,Apple Airpods,mobile-accessories,Apple,4,129.99,15.54,439.16,4.15
ORD_01107,CUST_0095,2026-03-28,88,Nike Air Jordan 1 Red And Black,mens-shoes,Nike,2,149.99,4.12,287.62,4.77
ORD_01108,CUST_0232,2026-01-16,93,Brown Leather Belt Watch,mens-watches,Fashion Timepieces,5,89.99,5.99,423.0,4.19
ORD_01109,CUST_0270,2026-06-17,12,Annibale Colombo Sofa,furniture,Annibale Colombo,3,2499.99,14.4,6419.97,3.92
ORD_01110,CUST_0197,2026-02-26,95,Rolex Cellini Date Black Dial,mens-watches,Rolex,2,8999.99,8.88,16401.58,4.97
ORD_01111,CUST_0098,2026-03-23,36,Protein Powder,groceries,Unknown,4,19.99,7.59,73.89,4.18
ORD_01112,CUST_0222,2026-02-04,42,Water,groceries,Unknown,2,0.99,14.92,1.68,4.96
ORD_01113,CUST_0166,2026-02-15,90,Puma Future Rider Trainers,mens-shoes,Puma,5,89.99,4.2,431.05,4.9
ORD_01114,CUST_0144,2026-01-13,71,Silver Pot With Glass Cap,kitchen-accessories,Unknown,4,39.99,5.7,150.84,3.22
ORD_01115,CUST_0178,2026-04-28,4,Red Lipstick,beauty,Chic Cosmetics,1,12.99,12.16,11.41,4.36
ORD_01116,CUST_0031,2026-04-28,34,Nescafe Coffee,groceries,Unknown,3,7.99,1.59,23.59,4.82
ORD_01117,CUST_0134,2026-06-20,10,Gucci Bloom Eau de,fragrances,Gucci,4,79.99,14.39,273.92,2.74
ORD_01118,CUST_0267,2026-06-07,75,Tray,kitchen-accessories,Unknown,3,16.99,7.48,47.16,4.62
ORD_01119,CUST_0147,2026-02-27,14,Knoll Saarinen Executive Conference Chair,furniture,Knoll,5,499.99,2.01,2449.7,4.88
ORD_01120,CUST_0282,2026-04-07,37,Red Onions,groceries,Unknown,5,1.99,9.9,8.96,4.2
ORD_01121,CUST_0141,2026-01-11,30,Kiwi,groceries,Unknown,5,2.49,15.22,10.56,4.93
ORD_01122,CUST_0141,2026-02-15,37,Red Onions,groceries,Unknown,3,1.99,9.9,5.38,4.2
ORD_01123,CUST_0200,2026-02-05,39,Soft Drinks,groceries,Unknown,1,1.99,17.48,1.64,4.75
ORD_01124,CUST_0209,2026-04-23,27,Honey Jar,groceries,Unknown,2,6.99,14.4,11.97,3.97
ORD_01125,CUST_0099,2026-03-04,39,Soft Drinks,groceries,Unknown,2,1.99,17.48,3.28,4.75
ORD_01126,CUST_0208,2026-05-19,54,Citrus Squeezer Yellow,kitchen-accessories,Unknown,5,8.99,12.1,39.51,4.63
ORD_01127,CUST_0006,2026-04-16,38,Rice,groceries,Unknown,2,5.99,9.29,10.87,3.18
ORD_01128,CUST_0080,2026-04-04,97,Rolex Datejust,mens-watches,Rolex,2,10999.99,3.73,21179.38,3.66
ORD_01129,CUST_0037,2026-05-23,91,Sports Sneakers Off White & Red,mens-shoes,Off White,5,119.99,4.97,570.13,4.77
ORD_01130,CUST_0106,2026-03-19,6,Calvin Klein CK One,fragrances,Calvin Klein,4,49.99,1.89,196.18,4.37
ORD_01131,CUST_0298,2026-06-27,70,Red Tongs,kitchen-accessories,Unknown,3,6.99,14.52,17.93,4.42
ORD_01132,CUST_0241,2026-01-17,46,Plant Pot,home-decoration,Unknown,1,14.99,6.84,13.96,3.01
ORD_01133,CUST_0134,2026-01-23,57,Fine Mesh Strainer,kitchen-accessories,Unknown,1,9.99,3.5,9.64,3.04
ORD_01134,CUST_0212,2026-04-02,76,Wooden Rolling Pin,kitchen-accessories,Unknown,1,11.99,9.75,10.82,2.92
ORD_01135,CUST_0025,2026-06-06,73,Spice Rack,kitchen-accessories,Unknown,5,19.99,12.09,87.87,4.87
ORD_01136,CUST_0180,2026-04-21,63,Kitchen Sieve,kitchen-accessories,Unknown,5,7.99,18.91,32.4,3.09
ORD_01137,CUST_0134,2026-06-01,76,Wooden Rolling Pin,kitchen-accessories,Unknown,3,11.99,9.75,32.46,2.92
ORD_01138,CUST_0158,2026-01-07,87,Men Check Shirt,mens-shirts,Urban Chic,1,27.99,11.38,24.8,2.72
ORD_01139,CUST_0030,2026-02-08,56,Electric Stove,kitchen-accessories,Unknown,4,49.99,14.04,171.89,4.11
ORD_01140,CUST_0047,2026-04-27,87,Men Check Shirt,mens-shirts,Urban Chic,4,27.99,11.38,99.22,2.72
ORD_01141,CUST_0147,2026-02-03,43,Decoration Swing,home-decoration,Unknown,1,59.99,10.41,53.75,3.16
ORD_01142,CUST_0270,2026-05-07,34,Nescafe Coffee,groceries,Unknown,4,7.99,1.59,31.45,4.82
ORD_01143,CUST_0093,2026-01-17,21,Cucumber,groceries,Unknown,4,1.49,0.16,5.95,4.07
ORD_01144,CUST_0149,2026-05-18,89,Nike Baseball Cleats,mens-shoes,Nike,4,79.99,18.04,262.24,3.88
ORD_01145,CUST_0025,2026-02-22,20,Cooking Oil,groceries,Unknown,2,4.99,9.33,9.05,4.8
ORD_01146,CUST_0059,2026-05-08,98,Rolex Submariner Watch,mens-watches,Rolex,1,13999.99,5.05,13292.99,2.69
ORD_01147,CUST_0177,2026-02-25,62,Ice Cube Tray,kitchen-accessories,Unknown,2,5.99,0.63,11.9,4.71
ORD_01148,CUST_0182,2026-01-08,30,Kiwi,groceries,Unknown,4,2.49,15.22,8.44,4.93
ORD_01149,CUST_0022,2026-01-08,73,Spice Rack,kitchen-accessories,Unknown,4,19.99,12.09,70.29,4.87
ORD_01150,CUST_0270,2026-05-12,1,Essence Mascara Lash Princess,beauty,Essence,5,9.99,10.48,44.72,2.56
ORD_01151,CUST_0297,2026-05-17,95,Rolex Cellini Date Black Dial,mens-watches,Rolex,2,8999.99,8.88,16401.58,4.97
ORD_01152,CUST_0064,2026-03-29,48,Bamboo Spatula,kitchen-accessories,Unknown,2,7.99,2.84,15.53,3.27
ORD_01153,CUST_0262,2026-02-28,44,Family Tree Photo Frame,home-decoration,Unknown,1,29.99,14.87,25.53,4.53
ORD_01154,CUST_0236,2026-03-19,53,Chopping Board,kitchen-accessories,Unknown,3,12.99,8.03,35.84,3.7
ORD_01155,CUST_0088,2026-06-11,60,Grater Black,kitchen-accessories,Unknown,4,10.99,3.56,42.4,3.21
ORD_01156,CUST_0186,2026-01-15,100,Apple Airpods,mobile-accessories,Apple,5,129.99,15.54,548.95,4.15
ORD_01157,CUST_0118,2026-02-02,39,Soft Drinks,groceries,Unknown,1,1.99,17.48,1.64,4.75
ORD_01158,CUST_0229,2026-02-21,36,Protein Powder,groceries,Unknown,1,19.99,7.59,18.47,4.18
ORD_01159,CUST_0083,2026-05-18,18,Cat Food,groceries,Unknown,1,8.99,9.58,8.13,3.13
ORD_01160,CUST_0248,2026-06-15,50,Black Whisk,kitchen-accessories,Unknown,4,9.99,10.24,35.87,3.9
ORD_01161,CUST_0253,2026-01-13,4,Red Lipstick,beauty,Chic Cosmetics,5,12.99,12.16,57.05,4.36
ORD_01162,CUST_0008,2026-01-15,41,Tissue Paper Box,groceries,Unknown,4,2.49,13.28,8.64,2.69
ORD_01163,CUST_0088,2026-06-27,27,Honey Jar,groceries,Unknown,2,6.99,14.4,11.97,3.97
ORD_01164,CUST_0100,2026-02-05,21,Cucumber,groceries,Unknown,1,1.49,0.16,1.49,4.07
ORD_01165,CUST_0040,2026-03-31,58,Fork,kitchen-accessories,Unknown,3,3.99,8.07,11.0,3.11
ORD_01166,CUST_0250,2026-03-09,59,Glass,kitchen-accessories,Unknown,1,4.99,7.92,4.59,4.02
ORD_01167,CUST_0094,2026-01-25,83,Blue & Black Check Shirt,mens-shirts,Fashion Trends,2,29.99,15.35,50.77,3.64
ORD_01168,CUST_0221,2026-05-05,43,Decoration Swing,home-decoration,Unknown,1,59.99,10.41,53.75,3.16
ORD_01169,CUST_0064,2026-03-08,87,Men Check Shirt,mens-shirts,Urban Chic,5,27.99,11.38,124.02,2.72
ORD_01170,CUST_0167,2026-01-13,57,Fine Mesh Strainer,kitchen-accessories,Unknown,4,9.99,3.5,38.56,3.04
ORD_01171,CUST_0098,2026-01-13,18,Cat Food,groceries,Unknown,4,8.99,9.58,32.52,3.13
ORD_01172,CUST_0156,2026-02-21,73,Spice Rack,kitchen-accessories,Unknown,5,19.99,12.09,87.87,4.87
ORD_01173,CUST_0003,2026-01-12,73,Spice Rack,kitchen-accessories,Unknown,1,19.99,12.09,17.57,4.87
ORD_01174,CUST_0298,2026-05-31,87,Men Check Shirt,mens-shirts,Urban Chic,4,27.99,11.38,99.22,2.72
ORD_01175,CUST_0023,2026-01-05,9,Dolce Shine Eau de,fragrances,Dolce & Gabbana,2,69.99,0.62,139.11,3.96
ORD_01176,CUST_0267,2026-06-03,6,Calvin Klein CK One,fragrances,Calvin Klein,3,49.99,1.89,147.14,4.37
ORD_01177,CUST_0221,2026-04-09,24,Fish Steak,groceries,Unknown,3,14.99,4.23,43.07,3.78
ORD_01178,CUST_0231,2026-05-24,43,Decoration Swing,home-decoration,Unknown,2,59.99,10.41,107.49,3.16
ORD_01179,CUST_0266,2026-04-01,49,Black Aluminium Cup,kitchen-accessories,Unknown,1,5.99,15.65,5.05,4.46
ORD_01180,CUST_0267,2026-01-28,99,Amazon Echo Plus,mobile-accessories,Amazon,3,99.99,12.07,263.76,4.99
ORD_01181,CUST_0172,2026-01-10,84,Gigabyte Aorus Men Tshirt,mens-shirts,Gigabyte,5,24.99,0.94,123.78,3.18
ORD_01182,CUST_0088,2026-06-09,48,Bamboo Spatula,kitchen-accessories,Unknown,1,7.99,2.84,7.76,3.27
ORD_01183,CUST_0034,2026-05-04,67,Mug Tree Stand,kitchen-accessories,Unknown,5,15.99,9.25,72.55,2.64
ORD_01184,CUST_0229,2026-03-17,27,Honey Jar,groceries,Unknown,5,6.99,14.4,29.92,3.97
ORD_01185,CUST_0019,2026-04-04,37,Red Onions,groceries,Unknown,2,1.99,9.9,3.59,4.2
ORD_01186,CUST_0080,2026-02-28,47,Table Lamp,home-decoration,Unknown,3,49.99,7.09,139.34,3.55
ORD_01187,CUST_0209,2026-02-15,31,Lemon,groceries,Unknown,4,0.79,9.7,2.85,3.53
ORD_01188,CUST_0260,2026-01-27,37,Red Onions,groceries,Unknown,1,1.99,9.9,1.79,4.2
ORD_01189,CUST_0242,2026-04-19,88,Nike Air Jordan 1 Red And Black,mens-shoes,Nike,2,149.99,4.12,287.62,4.77
ORD_01190,CUST_0173,2026-05-05,14,Knoll Saarinen Executive Conference Chair,furniture,Knoll,3,499.99,2.01,1469.82,4.88
ORD_01191,CUST_0291,2026-02-12,85,Man Plaid Shirt,mens-shirts,Classic Wear,1,34.99,19.5,28.17,3.46
ORD_01192,CUST_0132,2026-01-02,16,Apple,groceries,Unknown,3,1.99,12.62,5.22,4.19
ORD_01193,CUST_0035,2026-05-18,5,Red Nail Polish,beauty,Nail Couture,2,8.99,11.44,15.92,4.32
ORD_01194,CUST_0054,2026-01-09,99,Amazon Echo Plus,mobile-accessories,Amazon,2,99.99,12.07,175.84,4.99
ORD_01195,CUST_0101,2026-01-13,75,Tray,kitchen-accessories,Unknown,1,16.99,7.48,15.72,4.62
ORD_01196,CUST_0255,2026-05-17,60,Grater Black,kitchen-accessories,Unknown,2,10.99,3.56,21.2,3.21
ORD_01197,CUST_0254,2026-01-02,36,Protein Powder,groceries,Unknown,3,19.99,7.59,55.42,4.18
ORD_01198,CUST_0092,2026-06-28,60,Grater Black,kitchen-accessories,Unknown,1,10.99,3.56,10.6,3.21
ORD_01199,CUST_0292,2026-02-04,26,Green Chili Pepper,groceries,Unknown,2,0.99,1.0,1.96,3.66
ORD_01200,CUST_0152,2026-04-10,13,Bedside Table African Cherry,furniture,Furniture Co.,2,299.99,19.09,485.44,2.87
ORD_01201,CUST_0184,2026-05-23,60,Grater Black,kitchen-accessories,Unknown,2,10.99,3.56,21.2,3.21
ORD_01202,CUST_0208,2026-06-10,76,Wooden Rolling Pin,kitchen-accessories,Unknown,3,11.99,9.75,32.46,2.92
ORD_01203,CUST_0117,2026-02-14,81,Lenovo Yoga 920,laptops,Lenovo,2,1099.99,6.55,2055.88,2.86
ORD_01204,CUST_0159,2026-02-23,56,Electric Stove,kitchen-accessories,Unknown,4,49.99,14.04,171.89,4.11
ORD_01205,CUST_0262,2026-06-17,33,Mulberry,groceries,Unknown,3,4.99,12.87,13.04,4.95
ORD_01206,CUST_0162,2026-06-25,69,Plate,kitchen-accessories,Unknown,5,3.99,7.31,18.49,3.65
ORD_01207,CUST_0150,2026-04-07,42,Water,groceries,Unknown,1,0.99,14.92,0.84,4.96
ORD_01208,CUST_0276,2026-01-20,49,Black Aluminium Cup,kitchen-accessories,Unknown,2,5.99,15.65,10.11,4.46
ORD_01209,CUST_0117,2026-04-05,24,Fish Steak,groceries,Unknown,5,14.99,4.23,71.78,3.78
ORD_01210,CUST_0042,2026-06-17,7,Chanel Coco Noir Eau De,fragrances,Chanel,5,129.99,16.51,542.64,4.26
ORD_01211,CUST_0229,2026-02-05,13,Bedside Table African Cherry,furniture,Furniture Co.,1,299.99,19.09,242.72,2.87
ORD_01212,CUST_0226,2026-01-18,77,Yellow Peeler,kitchen-accessories,Unknown,5,5.99,12.48,26.21,4.24
ORD_01213,CUST_0046,2026-05-11,91,Sports Sneakers Off White & Red,mens-shoes,Off White,5,119.99,4.97,570.13,4.77
ORD_01214,CUST_0032,2026-05-05,7,Chanel Coco Noir Eau De,fragrances,Chanel,1,129.99,16.51,108.53,4.26
ORD_01215,CUST_0254,2026-05-17,64,Knife,kitchen-accessories,Unknown,2,14.99,18.86,24.33,3.26
ORD_01216,CUST_0018,2026-05-10,83,Blue & Black Check Shirt,mens-shirts,Fashion Trends,5,29.99,15.35,126.93,3.64
ORD_01217,CUST_0264,2026-02-28,59,Glass,kitchen-accessories,Unknown,3,4.99,7.92,13.78,4.02
ORD_01218,CUST_0277,2026-06-22,70,Red Tongs,kitchen-accessories,Unknown,1,6.99,14.52,5.98,4.42
ORD_01219,CUST_0018,2026-04-30,59,Glass,kitchen-accessories,Unknown,1,4.99,7.92,4.59,4.02
ORD_01220,CUST_0124,2026-05-17,44,Family Tree Photo Frame,home-decoration,Unknown,4,29.99,14.87,102.12,4.53
ORD_01221,CUST_0115,2026-01-29,100,Apple Airpods,mobile-accessories,Apple,3,129.99,15.54,329.37,4.15
ORD_01222,CUST_0002,2026-04-08,21,Cucumber,groceries,Unknown,4,1.49,0.16,5.95,4.07
ORD_01223,CUST_0102,2026-04-13,49,Black Aluminium Cup,kitchen-accessories,Unknown,5,5.99,15.65,25.26,4.46
ORD_01224,CUST_0018,2026-03-14,5,Red Nail Polish,beauty,Nail Couture,3,8.99,11.44,23.88,4.32
ORD_01225,CUST_0256,2026-04-16,59,Glass,kitchen-accessories,Unknown,4,4.99,7.92,18.38,4.02
ORD_01226,CUST_0104,2026-05-10,66,Microwave Oven,kitchen-accessories,Unknown,4,89.99,12.13,316.3,4.82
ORD_01227,CUST_0057,2026-05-23,65,Lunch Box,kitchen-accessories,Unknown,2,12.99,10.34,23.29,4.93
ORD_01228,CUST_0240,2026-04-07,63,Kitchen Sieve,kitchen-accessories,Unknown,5,7.99,18.91,32.4,3.09
ORD_01229,CUST_0008,2026-01-19,61,Hand Blender,kitchen-accessories,Unknown,4,34.99,17.02,116.14,3.86
ORD_01230,CUST_0032,2026-04-05,28,Ice Cream,groceries,Unknown,5,5.49,8.69,25.06,3.39
ORD_01231,CUST_0293,2026-05-03,88,Nike Air Jordan 1 Red And Black,mens-shoes,Nike,3,149.99,4.12,431.43,4.77
ORD_01232,CUST_0100,2026-04-17,10,Gucci Bloom Eau de,fragrances,Gucci,2,79.99,14.39,136.96,2.74
ORD_01233,CUST_0055,2026-05-13,23,Eggs,groceries,Unknown,1,2.99,11.05,2.66,2.53
ORD_01234,CUST_0270,2026-04-17,83,Blue & Black Check Shirt,mens-shirts,Fashion Trends,2,29.99,15.35,50.77,3.64
ORD_01235,CUST_0289,2026-03-02,60,Grater Black,kitchen-accessories,Unknown,2,10.99,3.56,21.2,3.21
ORD_01236,CUST_0219,2026-06-05,45,House Showpiece Plant,home-decoration,Unknown,5,39.99,7.46,185.03,4.67
ORD_01237,CUST_0011,2026-04-04,73,Spice Rack,kitchen-accessories,Unknown,2,19.99,12.09,35.15,4.87
ORD_01238,CUST_0080,2026-01-10,37,Red Onions,groceries,Unknown,2,1.99,9.9,3.59,4.2
ORD_01239,CUST_0235,2026-02-04,15,Wooden Bathroom Sink With Mirror,furniture,Bath Trends,2,799.99,8.8,1459.18,3.59
ORD_01240,CUST_0049,2026-06-19,38,Rice,groceries,Unknown,5,5.99,9.29,27.17,3.18
ORD_01241,CUST_0115,2026-02-12,51,Boxed Blender,kitchen-accessories,Unknown,5,39.99,7.26,185.43,4.56
ORD_01242,CUST_0284,2026-03-02,11,Annibale Colombo Bed,furniture,Annibale Colombo,2,1899.99,8.57,3474.32,4.77
ORD_01243,CUST_0012,2026-03-11,82,New DELL XPS 13 9300 Laptop,laptops,Dell,5,1499.99,11.89,6608.21,2.67
ORD_01244,CUST_0251,2026-05-25,78,Apple MacBook Pro 14 Inch Space Grey,laptops,Apple,5,1999.99,4.69,9530.95,3.65
ORD_01245,CUST_0173,2026-04-20,12,Annibale Colombo Sofa,furniture,Annibale Colombo,5,2499.99,14.4,10699.96,3.92
ORD_01246,CUST_0271,2026-03-14,96,Rolex Cellini Moonphase,mens-watches,Rolex,1,12999.99,17.52,10722.39,2.58
ORD_01247,CUST_0058,2026-06-16,6,Calvin Klein CK One,fragrances,Calvin Klein,5,49.99,1.89,245.23,4.37
ORD_01248,CUST_0280,2026-04-04,89,Nike Baseball Cleats,mens-shoes,Nike,4,79.99,18.04,262.24,3.88
ORD_01249,CUST_0298,2026-02-08,56,Electric Stove,kitchen-accessories,Unknown,4,49.99,14.04,171.89,4.11
ORD_01250,CUST_0225,2026-03-31,82,New DELL XPS 13 9300 Laptop,laptops,Dell,4,1499.99,11.89,5286.56,2.67
ORD_01251,CUST_0060,2026-05-03,4,Red Lipstick,beauty,Chic Cosmetics,4,12.99,12.16,45.64,4.36
ORD_01252,CUST_0232,2026-05-30,96,Rolex Cellini Moonphase,mens-watches,Rolex,3,12999.99,17.52,32167.18,2.58
ORD_01253,CUST_0215,2026-01-10,28,Ice Cream,groceries,Unknown,5,5.49,8.69,25.06,3.39
ORD_01254,CUST_0180,2026-06-18,95,Rolex Cellini Date Black Dial,mens-watches,Rolex,4,8999.99,8.88,32803.16,4.97
ORD_01255,CUST_0017,2026-04-26,54,Citrus Squeezer Yellow,kitchen-accessories,Unknown,4,8.99,12.1,31.61,4.63
ORD_01256,CUST_0265,2026-03-17,47,Table Lamp,home-decoration,Unknown,4,49.99,7.09,185.78,3.55
ORD_01257,CUST_0262,2026-01-18,12,Annibale Colombo Sofa,furniture,Annibale Colombo,2,2499.99,14.4,4279.98,3.92
ORD_01258,CUST_0211,2026-05-31,24,Fish Steak,groceries,Unknown,2,14.99,4.23,28.71,3.78
ORD_01259,CUST_0109,2026-02-10,15,Wooden Bathroom Sink With Mirror,furniture,Bath Trends,1,799.99,8.8,729.59,3.59
ORD_01260,CUST_0275,2026-02-08,55,Egg Slicer,kitchen-accessories,Unknown,5,6.99,14.76,29.79,3.09
ORD_01261,CUST_0106,2026-04-12,17,Beef Steak,groceries,Unknown,2,12.99,9.61,23.48,4.47
ORD_01262,CUST_0243,2026-04-23,37,Red Onions,groceries,Unknown,4,1.99,9.9,7.17,4.2
ORD_01263,CUST_0088,2026-01-28,92,Sports Sneakers Off White Red,mens-shoes,Off White,3,109.99,0.04,329.84,4.69
ORD_01264,CUST_0289,2026-06-12,92,Sports Sneakers Off White Red,mens-shoes,Off White,1,109.99,0.04,109.95,4.69
ORD_01265,CUST_0285,2026-04-24,83,Blue & Black Check Shirt,mens-shirts,Fashion Trends,2,29.99,15.35,50.77,3.64
ORD_01266,CUST_0162,2026-04-26,63,Kitchen Sieve,kitchen-accessories,Unknown,4,7.99,18.91,25.92,3.09
ORD_01267,CUST_0155,2026-01-03,70,Red Tongs,kitchen-accessories,Unknown,3,6.99,14.52,17.93,4.42
ORD_01268,CUST_0011,2026-04-16,96,Rolex Cellini Moonphase,mens-watches,Rolex,5,12999.99,17.52,53611.96,2.58
ORD_01269,CUST_0053,2026-03-09,79,Asus Zenbook Pro Dual Screen Laptop,laptops,Asus,1,1799.99,11.14,1599.47,3.95
ORD_01270,CUST_0099,2026-04-02,2,Eyeshadow Palette with Mirror,beauty,Glamour Beauty,5,19.99,18.19,81.77,2.86
ORD_01271,CUST_0095,2026-03-20,51,Boxed Blender,kitchen-accessories,Unknown,1,39.99,7.26,37.09,4.56
ORD_01272,CUST_0156,2026-02-14,34,Nescafe Coffee,groceries,Unknown,5,7.99,1.59,39.31,4.82
ORD_01273,CUST_0042,2026-03-09,53,Chopping Board,kitchen-accessories,Unknown,5,12.99,8.03,59.73,3.7
ORD_01274,CUST_0014,2026-02-01,97,Rolex Datejust,mens-watches,Rolex,3,10999.99,3.73,31769.07,3.66
ORD_01275,CUST_0185,2026-02-22,32,Milk,groceries,Unknown,5,3.49,13.74,15.05,2.61
ORD_01276,CUST_0166,2026-03-31,55,Egg Slicer,kitchen-accessories,Unknown,2,6.99,14.76,11.92,3.09
ORD_01277,CUST_0033,2026-06-21,65,Lunch Box,kitchen-accessories,Unknown,4,12.99,10.34,46.59,4.93
ORD_01278,CUST_0098,2026-05-05,29,Juice,groceries,Unknown,3,3.99,12.06,10.53,3.94
ORD_01279,CUST_0298,2026-02-17,3,Powder Canister,beauty,Velvet Touch,2,14.99,9.84,27.03,4.64
ORD_01280,CUST_0077,2026-01-06,47,Table Lamp,home-decoration,Unknown,5,49.99,7.09,232.23,3.55
ORD_01281,CUST_0245,2026-05-03,62,Ice Cube Tray,kitchen-accessories,Unknown,4,5.99,0.63,23.81,4.71
ORD_01282,CUST_0035,2026-04-03,75,Tray,kitchen-accessories,Unknown,2,16.99,7.48,31.44,4.62
ORD_01283,CUST_0204,2026-03-13,61,Hand Blender,kitchen-accessories,Unknown,2,34.99,17.02,58.07,3.86
ORD_01284,CUST_0143,2026-01-18,5,Red Nail Polish,beauty,Nail Couture,4,8.99,11.44,31.85,4.32
ORD_01285,CUST_0138,2026-06-29,66,Microwave Oven,kitchen-accessories,Unknown,1,89.99,12.13,79.07,4.82
ORD_01286,CUST_0114,2026-04-11,2,Eyeshadow Palette with Mirror,beauty,Glamour Beauty,4,19.99,18.19,65.42,2.86
ORD_01287,CUST_0193,2026-05-29,76,Wooden Rolling Pin,kitchen-accessories,Unknown,3,11.99,9.75,32.46,2.92
ORD_01288,CUST_0112,2026-04-22,55,Egg Slicer,kitchen-accessories,Unknown,1,6.99,14.76,5.96,3.09
ORD_01289,CUST_0079,2026-06-04,70,Red Tongs,kitchen-accessories,Unknown,5,6.99,14.52,29.88,4.42
ORD_01290,CUST_0279,2026-06-16,13,Bedside Table African Cherry,furniture,Furniture Co.,1,299.99,19.09,242.72,2.87
ORD_01291,CUST_0115,2026-05-31,3,Powder Canister,beauty,Velvet Touch,2,14.99,9.84,27.03,4.64
ORD_01292,CUST_0107,2026-02-05,8,Dior J'adore,fragrances,Dior,4,89.99,14.72,306.97,3.8
ORD_01293,CUST_0106,2026-03-22,1,Essence Mascara Lash Princess,beauty,Essence,4,9.99,10.48,35.77,2.56
ORD_01294,CUST_0261,2026-01-30,34,Nescafe Coffee,groceries,Unknown,2,7.99,1.59,15.73,4.82
ORD_01295,CUST_0061,2026-03-14,46,Plant Pot,home-decoration,Unknown,1,14.99,6.84,13.96,3.01
ORD_01296,CUST_0257,2026-06-10,77,Yellow Peeler,kitchen-accessories,Unknown,4,5.99,12.48,20.97,4.24
ORD_01297,CUST_0235,2026-01-23,66,Microwave Oven,kitchen-accessories,Unknown,5,89.99,12.13,395.37,4.82
ORD_01298,CUST_0246,2026-06-14,30,Kiwi,groceries,Unknown,4,2.49,15.22,8.44,4.93
ORD_01299,CUST_0149,2026-03-15,9,Dolce Shine Eau de,fragrances,Dolce & Gabbana,2,69.99,0.62,139.11,3.96
ORD_01300,CUST_0282,2026-06-21,95,Rolex Cellini Date Black Dial,mens-watches,Rolex,3,8999.99,8.88,24602.37,4.97
ORD_01301,CUST_0131,2026-05-01,42,Water,groceries,Unknown,5,0.99,14.92,4.21,4.96
ORD_01302,CUST_0157,2026-05-16,46,Plant Pot,home-decoration,Unknown,4,14.99,6.84,55.86,3.01
ORD_01303,CUST_0148,2026-01-26,4,Red Lipstick,beauty,Chic Cosmetics,1,12.99,12.16,11.41,4.36
ORD_01304,CUST_0139,2026-02-11,62,Ice Cube Tray,kitchen-accessories,Unknown,5,5.99,0.63,29.76,4.71
ORD_01305,CUST_0236,2026-03-05,67,Mug Tree Stand,kitchen-accessories,Unknown,1,15.99,9.25,14.51,2.64
ORD_01306,CUST_0091,2026-05-28,89,Nike Baseball Cleats,mens-shoes,Nike,5,79.99,18.04,327.8,3.88
ORD_01307,CUST_0159,2026-05-20,50,Black Whisk,kitchen-accessories,Unknown,2,9.99,10.24,17.93,3.9
ORD_01308,CUST_0026,2026-03-30,28,Ice Cream,groceries,Unknown,1,5.49,8.69,5.01,3.39
ORD_01309,CUST_0090,2026-06-04,20,Cooking Oil,groceries,Unknown,2,4.99,9.33,9.05,4.8
ORD_01310,CUST_0168,2026-06-12,83,Blue & Black Check Shirt,mens-shirts,Fashion Trends,5,29.99,15.35,126.93,3.64
ORD_01311,CUST_0106,2026-06-22,88,Nike Air Jordan 1 Red And Black,mens-shoes,Nike,5,149.99,4.12,719.05,4.77
ORD_01312,CUST_0106,2026-06-17,23,Eggs,groceries,Unknown,3,2.99,11.05,7.98,2.53
ORD_01313,CUST_0271,2026-03-18,58,Fork,kitchen-accessories,Unknown,1,3.99,8.07,3.67,3.11
ORD_01314,CUST_0215,2026-03-03,57,Fine Mesh Strainer,kitchen-accessories,Unknown,2,9.99,3.5,19.28,3.04
ORD_01315,CUST_0018,2026-02-13,29,Juice,groceries,Unknown,4,3.99,12.06,14.04,3.94
ORD_01316,CUST_0299,2026-03-31,9,Dolce Shine Eau de,fragrances,Dolce & Gabbana,3,69.99,0.62,208.67,3.96
ORD_01317,CUST_0250,2026-04-24,89,Nike Baseball Cleats,mens-shoes,Nike,3,79.99,18.04,196.68,3.88
ORD_01318,CUST_0210,2026-03-19,53,Chopping Board,kitchen-accessories,Unknown,1,12.99,8.03,11.95,3.7
ORD_01319,CUST_0073,2026-02-07,47,Table Lamp,home-decoration,Unknown,4,49.99,7.09,185.78,3.55
ORD_01320,CUST_0075,2026-02-05,83,Blue & Black Check Shirt,mens-shirts,Fashion Trends,2,29.99,15.35,50.77,3.64
ORD_01321,CUST_0214,2026-05-17,72,Slotted Turner,kitchen-accessories,Unknown,5,8.99,13.35,38.95,3.4
ORD_01322,CUST_0298,2026-06-05,58,Fork,kitchen-accessories,Unknown,2,3.99,8.07,7.34,3.11
ORD_01323,CUST_0080,2026-06-08,30,Kiwi,groceries,Unknown,5,2.49,15.22,10.56,4.93
ORD_01324,CUST_0102,2026-05-24,73,Spice Rack,kitchen-accessories,Unknown,5,19.99,12.09,87.87,4.87
ORD_01325,CUST_0002,2026-06-02,67,Mug Tree Stand,kitchen-accessories,Unknown,1,15.99,9.25,14.51,2.64
ORD_01326,CUST_0021,2026-03-17,100,Apple Airpods,mobile-accessories,Apple,1,129.99,15.54,109.79,4.15
ORD_01327,CUST_0071,2026-05-15,82,New DELL XPS 13 9300 Laptop,laptops,Dell,2,1499.99,11.89,2643.28,2.67
ORD_01328,CUST_0021,2026-06-16,46,Plant Pot,home-decoration,Unknown,5,14.99,6.84,69.82,3.01
ORD_01329,CUST_0063,2026-04-12,40,Strawberry,groceries,Unknown,3,3.99,1.12,11.84,3.08
ORD_01330,CUST_0162,2026-02-10,11,Annibale Colombo Bed,furniture,Annibale Colombo,4,1899.99,8.57,6948.64,4.77
ORD_01331,CUST_0095,2026-03-13,85,Man Plaid Shirt,mens-shirts,Classic Wear,4,34.99,19.5,112.67,3.46
ORD_01332,CUST_0274,2026-02-14,40,Strawberry,groceries,Unknown,3,3.99,1.12,11.84,3.08
ORD_01333,CUST_0055,2026-05-26,50,Black Whisk,kitchen-accessories,Unknown,3,9.99,10.24,26.9,3.9
ORD_01334,CUST_0118,2026-01-13,90,Puma Future Rider Trainers,mens-shoes,Puma,4,89.99,4.2,344.84,4.9
ORD_01335,CUST_0222,2026-03-26,58,Fork,kitchen-accessories,Unknown,2,3.99,8.07,7.34,3.11
ORD_01336,CUST_0091,2026-03-22,62,Ice Cube Tray,kitchen-accessories,Unknown,3,5.99,0.63,17.86,4.71
ORD_01337,CUST_0086,2026-03-26,40,Strawberry,groceries,Unknown,3,3.99,1.12,11.84,3.08
ORD_01338,CUST_0093,2026-04-01,59,Glass,kitchen-accessories,Unknown,2,4.99,7.92,9.19,4.02
ORD_01339,CUST_0037,2026-05-28,48,Bamboo Spatula,kitchen-accessories,Unknown,4,7.99,2.84,31.05,3.27
ORD_01340,CUST_0209,2026-03-03,75,Tray,kitchen-accessories,Unknown,1,16.99,7.48,15.72,4.62
ORD_01341,CUST_0197,2026-06-03,81,Lenovo Yoga 920,laptops,Lenovo,3,1099.99,6.55,3083.82,2.86
ORD_01342,CUST_0082,2026-04-15,16,Apple,groceries,Unknown,1,1.99,12.62,1.74,4.19
ORD_01343,CUST_0200,2026-05-14,29,Juice,groceries,Unknown,4,3.99,12.06,14.04,3.94
ORD_01344,CUST_0109,2026-05-01,24,Fish Steak,groceries,Unknown,4,14.99,4.23,57.42,3.78
ORD_01345,CUST_0052,2026-04-03,26,Green Chili Pepper,groceries,Unknown,3,0.99,1.0,2.94,3.66
ORD_01346,CUST_0050,2026-03-10,95,Rolex Cellini Date Black Dial,mens-watches,Rolex,2,8999.99,8.88,16401.58,4.97
ORD_01347,CUST_0019,2026-06-27,88,Nike Air Jordan 1 Red And Black,mens-shoes,Nike,2,149.99,4.12,287.62,4.77
ORD_01348,CUST_0149,2026-01-30,88,Nike Air Jordan 1 Red And Black,mens-shoes,Nike,1,149.99,4.12,143.81,4.77
ORD_01349,CUST_0241,2026-01-06,82,New DELL XPS 13 9300 Laptop,laptops,Dell,3,1499.99,11.89,3964.92,2.67
ORD_01350,CUST_0284,2026-06-06,40,Strawberry,groceries,Unknown,5,3.99,1.12,19.73,3.08
ORD_01351,CUST_0256,2026-04-06,69,Plate,kitchen-accessories,Unknown,4,3.99,7.31,14.79,3.65
ORD_01352,CUST_0008,2026-05-27,39,Soft Drinks,groceries,Unknown,4,1.99,17.48,6.57,4.75
ORD_01353,CUST_0168,2026-03-26,71,Silver Pot With Glass Cap,kitchen-accessories,Unknown,1,39.99,5.7,37.71,3.22
ORD_01354,CUST_0153,2026-02-11,90,Puma Future Rider Trainers,mens-shoes,Puma,2,89.99,4.2,172.42,4.9
ORD_01355,CUST_0106,2026-04-26,18,Cat Food,groceries,Unknown,3,8.99,9.58,24.39,3.13
ORD_01356,CUST_0241,2026-02-14,98,Rolex Submariner Watch,mens-watches,Rolex,1,13999.99,5.05,13292.99,2.69
ORD_01357,CUST_0091,2026-01-26,25,Green Bell Pepper,groceries,Unknown,5,1.29,0.16,6.44,3.25
ORD_01358,CUST_0009,2026-02-10,87,Men Check Shirt,mens-shirts,Urban Chic,5,27.99,11.38,124.02,2.72
ORD_01359,CUST_0100,2026-06-28,51,Boxed Blender,kitchen-accessories,Unknown,3,39.99,7.26,111.26,4.56
ORD_01360,CUST_0122,2026-04-11,2,Eyeshadow Palette with Mirror,beauty,Glamour Beauty,3,19.99,18.19,49.06,2.86
ORD_01361,CUST_0156,2026-05-26,52,Carbon Steel Wok,kitchen-accessories,Unknown,5,29.99,6.53,140.16,4.05
ORD_01362,CUST_0076,2026-03-15,36,Protein Powder,groceries,Unknown,4,19.99,7.59,73.89,4.18
ORD_01363,CUST_0129,2026-05-14,17,Beef Steak,groceries,Unknown,2,12.99,9.61,23.48,4.47
ORD_01364,CUST_0253,2026-01-25,79,Asus Zenbook Pro Dual Screen Laptop,laptops,Asus,2,1799.99,11.14,3198.94,3.95
ORD_01365,CUST_0048,2026-06-10,40,Strawberry,groceries,Unknown,3,3.99,1.12,11.84,3.08
ORD_01366,CUST_0270,2026-02-23,1,Essence Mascara Lash Princess,beauty,Essence,4,9.99,10.48,35.77,2.56
ORD_01367,CUST_0060,2026-03-02,56,Electric Stove,kitchen-accessories,Unknown,1,49.99,14.04,42.97,4.11
ORD_01368,CUST_0166,2026-03-24,28,Ice Cream,groceries,Unknown,3,5.49,8.69,15.04,3.39
ORD_01369,CUST_0240,2026-04-06,19,Chicken Meat,groceries,Unknown,1,9.99,13.7,8.62,3.19
ORD_01370,CUST_0078,2026-04-14,71,Silver Pot With Glass Cap,kitchen-accessories,Unknown,1,39.99,5.7,37.71,3.22
ORD_01371,CUST_0297,2026-06-01,10,Gucci Bloom Eau de,fragrances,Gucci,2,79.99,14.39,136.96,2.74
ORD_01372,CUST_0161,2026-05-18,18,Cat Food,groceries,Unknown,2,8.99,9.58,16.26,3.13
ORD_01373,CUST_0259,2026-05-21,37,Red Onions,groceries,Unknown,3,1.99,9.9,5.38,4.2
ORD_01374,CUST_0054,2026-02-03,21,Cucumber,groceries,Unknown,4,1.49,0.16,5.95,4.07
ORD_01375,CUST_0232,2026-01-06,50,Black Whisk,kitchen-accessories,Unknown,5,9.99,10.24,44.84,3.9
ORD_01376,CUST_0284,2026-05-11,23,Eggs,groceries,Unknown,1,2.99,11.05,2.66,2.53
ORD_01377,CUST_0160,2026-01-15,84,Gigabyte Aorus Men Tshirt,mens-shirts,Gigabyte,1,24.99,0.94,24.76,3.18
ORD_01378,CUST_0171,2026-05-24,89,Nike Baseball Cleats,mens-shoes,Nike,3,79.99,18.04,196.68,3.88
ORD_01379,CUST_0272,2026-05-06,87,Men Check Shirt,mens-shirts,Urban Chic,3,27.99,11.38,74.41,2.72
ORD_01380,CUST_0158,2026-04-05,68,Pan,kitchen-accessories,Unknown,3,24.99,3.0,72.72,2.79
ORD_01381,CUST_0132,2026-06-15,66,Microwave Oven,kitchen-accessories,Unknown,4,89.99,12.13,316.3,4.82
ORD_01382,CUST_0184,2026-02-26,11,Annibale Colombo Bed,furniture,Annibale Colombo,3,1899.99,8.57,5211.48,4.77
ORD_01383,CUST_0009,2026-06-20,8,Dior J'adore,fragrances,Dior,3,89.99,14.72,230.23,3.8
ORD_01384,CUST_0152,2026-05-02,45,House Showpiece Plant,home-decoration,Unknown,1,39.99,7.46,37.01,4.67
ORD_01385,CUST_0017,2026-06-28,85,Man Plaid Shirt,mens-shirts,Classic Wear,5,34.99,19.5,140.83,3.46
ORD_01386,CUST_0086,2026-05-24,17,Beef Steak,groceries,Unknown,2,12.99,9.61,23.48,4.47
ORD_01387,CUST_0066,2026-01-09,89,Nike Baseball Cleats,mens-shoes,Nike,1,79.99,18.04,65.56,3.88
ORD_01388,CUST_0066,2026-03-05,76,Wooden Rolling Pin,kitchen-accessories,Unknown,4,11.99,9.75,43.28,2.92
ORD_01389,CUST_0197,2026-04-03,65,Lunch Box,kitchen-accessories,Unknown,3,12.99,10.34,34.94,4.93
ORD_01390,CUST_0031,2026-01-25,26,Green Chili Pepper,groceries,Unknown,3,0.99,1.0,2.94,3.66
ORD_01391,CUST_0143,2026-01-19,12,Annibale Colombo Sofa,furniture,Annibale Colombo,4,2499.99,14.4,8559.97,3.92
ORD_01392,CUST_0028,2026-03-05,64,Knife,kitchen-accessories,Unknown,2,14.99,18.86,24.33,3.26
ORD_01393,CUST_0095,2026-05-05,22,Dog Food,groceries,Unknown,4,10.99,10.27,39.45,4.55
ORD_01394,CUST_0072,2026-04-08,69,Plate,kitchen-accessories,Unknown,4,3.99,7.31,14.79,3.65
ORD_01395,CUST_0174,2026-03-11,94,Longines Master Collection,mens-watches,Longines,3,1499.99,17.24,3724.18,3.87
ORD_01396,CUST_0162,2026-01-14,84,Gigabyte Aorus Men Tshirt,mens-shirts,Gigabyte,4,24.99,0.94,99.02,3.18
ORD_01397,CUST_0138,2026-06-27,74,Spoon,kitchen-accessories,Unknown,2,4.99,1.53,9.83,4.03
ORD_01398,CUST_0243,2026-04-15,85,Man Plaid Shirt,mens-shirts,Classic Wear,1,34.99,19.5,28.17,3.46
ORD_01399,CUST_0159,2026-03-05,63,Kitchen Sieve,kitchen-accessories,Unknown,5,7.99,18.91,32.4,3.09
ORD_01400,CUST_0161,2026-05-19,68,Pan,kitchen-accessories,Unknown,4,24.99,3.0,96.96,2.79
ORD_01401,CUST_0102,2026-03-30,100,Apple Airpods,mobile-accessories,Apple,1,129.99,15.54,109.79,4.15
ORD_01402,CUST_0183,2026-04-18,7,Chanel Coco Noir Eau De,fragrances,Chanel,3,129.99,16.51,325.59,4.26
ORD_01403,CUST_0183,2026-02-14,12,Annibale Colombo Sofa,furniture,Annibale Colombo,2,2499.99,14.4,4279.98,3.92
ORD_01404,CUST_0192,2026-05-12,33,Mulberry,groceries,Unknown,3,4.99,12.87,13.04,4.95
ORD_01405,CUST_0240,2026-01-30,19,Chicken Meat,groceries,Unknown,5,9.99,13.7,43.11,3.19
ORD_01406,CUST_0007,2026-06-07,5,Red Nail Polish,beauty,Nail Couture,2,8.99,11.44,15.92,4.32
ORD_01407,CUST_0063,2026-01-08,70,Red Tongs,kitchen-accessories,Unknown,3,6.99,14.52,17.93,4.42
ORD_01408,CUST_0134,2026-04-11,3,Powder Canister,beauty,Velvet Touch,3,14.99,9.84,40.54,4.64
ORD_01409,CUST_0157,2026-04-18,29,Juice,groceries,Unknown,4,3.99,12.06,14.04,3.94
ORD_01410,CUST_0077,2026-06-16,44,Family Tree Photo Frame,home-decoration,Unknown,1,29.99,14.87,25.53,4.53
ORD_01411,CUST_0226,2026-05-03,29,Juice,groceries,Unknown,4,3.99,12.06,14.04,3.94
ORD_01412,CUST_0183,2026-06-22,6,Calvin Klein CK One,fragrances,Calvin Klein,5,49.99,1.89,245.23,4.37
ORD_01413,CUST_0293,2026-05-14,99,Amazon Echo Plus,mobile-accessories,Amazon,5,99.99,12.07,439.61,4.99
ORD_01414,CUST_0018,2026-02-09,47,Table Lamp,home-decoration,Unknown,2,49.99,7.09,92.89,3.55
ORD_01415,CUST_0250,2026-05-13,82,New DELL XPS 13 9300 Laptop,laptops,Dell,3,1499.99,11.89,3964.92,2.67
ORD_01416,CUST_0039,2026-03-23,23,Eggs,groceries,Unknown,5,2.99,11.05,13.3,2.53
ORD_01417,CUST_0164,2026-05-29,47,Table Lamp,home-decoration,Unknown,2,49.99,7.09,92.89,3.55
ORD_01418,CUST_0228,2026-04-26,69,Plate,kitchen-accessories,Unknown,2,3.99,7.31,7.4,3.65
ORD_01419,CUST_0286,2026-02-18,65,Lunch Box,kitchen-accessories,Unknown,3,12.99,10.34,34.94,4.93
ORD_01420,CUST_0157,2026-01-09,38,Rice,groceries,Unknown,4,5.99,9.29,21.73,3.18
ORD_01421,CUST_0058,2026-03-19,79,Asus Zenbook Pro Dual Screen Laptop,laptops,Asus,2,1799.99,11.14,3198.94,3.95
ORD_01422,CUST_0164,2026-02-14,44,Family Tree Photo Frame,home-decoration,Unknown,4,29.99,14.87,102.12,4.53
ORD_01423,CUST_0228,2026-04-16,21,Cucumber,groceries,Unknown,2,1.49,0.16,2.98,4.07
ORD_01424,CUST_0266,2026-01-12,24,Fish Steak,groceries,Unknown,3,14.99,4.23,43.07,3.78
ORD_01425,CUST_0023,2026-03-09,77,Yellow Peeler,kitchen-accessories,Unknown,4,5.99,12.48,20.97,4.24
ORD_01426,CUST_0187,2026-03-19,39,Soft Drinks,groceries,Unknown,2,1.99,17.48,3.28,4.75
ORD_01427,CUST_0094,2026-02-27,82,New DELL XPS 13 9300 Laptop,laptops,Dell,3,1499.99,11.89,3964.92,2.67
ORD_01428,CUST_0161,2026-06-19,76,Wooden Rolling Pin,kitchen-accessories,Unknown,2,11.99,9.75,21.64,2.92
ORD_01429,CUST_0140,2026-03-19,67,Mug Tree Stand,kitchen-accessories,Unknown,5,15.99,9.25,72.55,2.64
ORD_01430,CUST_0060,2026-03-24,75,Tray,kitchen-accessories,Unknown,1,16.99,7.48,15.72,4.62
ORD_01431,CUST_0294,2026-04-05,42,Water,groceries,Unknown,4,0.99,14.92,3.37,4.96
ORD_01432,CUST_0065,2026-01-19,32,Milk,groceries,Unknown,3,3.49,13.74,9.03,2.61
ORD_01433,CUST_0125,2026-01-23,42,Water,groceries,Unknown,5,0.99,14.92,4.21,4.96
ORD_01434,CUST_0253,2026-04-11,42,Water,groceries,Unknown,4,0.99,14.92,3.37,4.96
ORD_01435,CUST_0090,2026-01-07,94,Longines Master Collection,mens-watches,Longines,2,1499.99,17.24,2482.78,3.87
ORD_01436,CUST_0226,2026-03-24,63,Kitchen Sieve,kitchen-accessories,Unknown,5,7.99,18.91,32.4,3.09
ORD_01437,CUST_0006,2026-02-14,3,Powder Canister,beauty,Velvet Touch,3,14.99,9.84,40.54,4.64
ORD_01438,CUST_0277,2026-02-09,12,Annibale Colombo Sofa,furniture,Annibale Colombo,5,2499.99,14.4,10699.96,3.92
ORD_01439,CUST_0036,2026-03-14,28,Ice Cream,groceries,Unknown,1,5.49,8.69,5.01,3.39
ORD_01440,CUST_0100,2026-01-01,53,Chopping Board,kitchen-accessories,Unknown,3,12.99,8.03,35.84,3.7
ORD_01441,CUST_0038,2026-01-17,17,Beef Steak,groceries,Unknown,1,12.99,9.61,11.74,4.47
ORD_01442,CUST_0095,2026-03-01,55,Egg Slicer,kitchen-accessories,Unknown,2,6.99,14.76,11.92,3.09
ORD_01443,CUST_0141,2026-02-09,55,Egg Slicer,kitchen-accessories,Unknown,2,6.99,14.76,11.92,3.09
ORD_01444,CUST_0123,2026-06-19,3,Powder Canister,beauty,Velvet Touch,3,14.99,9.84,40.54,4.64
ORD_01445,CUST_0120,2026-01-23,11,Annibale Colombo Bed,furniture,Annibale Colombo,4,1899.99,8.57,6948.64,4.77
ORD_01446,CUST_0059,2026-06-26,15,Wooden Bathroom Sink With Mirror,furniture,Bath Trends,5,799.99,8.8,3647.95,3.59
ORD_01447,CUST_0171,2026-04-20,62,Ice Cube Tray,kitchen-accessories,Unknown,4,5.99,0.63,23.81,4.71
ORD_01448,CUST_0164,2026-01-16,99,Amazon Echo Plus,mobile-accessories,Amazon,4,99.99,12.07,351.68,4.99
ORD_01449,CUST_0118,2026-02-06,98,Rolex Submariner Watch,mens-watches,Rolex,3,13999.99,5.05,39878.97,2.69
ORD_01450,CUST_0261,2026-03-17,63,Kitchen Sieve,kitchen-accessories,Unknown,3,7.99,18.91,19.44,3.09
ORD_01451,CUST_0038,2026-06-17,39,Soft Drinks,groceries,Unknown,3,1.99,17.48,4.93,4.75
ORD_01452,CUST_0093,2026-06-29,15,Wooden Bathroom Sink With Mirror,furniture,Bath Trends,3,799.99,8.8,2188.77,3.59
ORD_01453,CUST_0145,2026-04-27,38,Rice,groceries,Unknown,4,5.99,9.29,21.73,3.18
ORD_01454,CUST_0090,2026-01-11,97,Rolex Datejust,mens-watches,Rolex,3,10999.99,3.73,31769.07,3.66
ORD_01455,CUST_0123,2026-04-13,93,Brown Leather Belt Watch,mens-watches,Fashion Timepieces,2,89.99,5.99,169.2,4.19
ORD_01456,CUST_0184,2026-01-27,71,Silver Pot With Glass Cap,kitchen-accessories,Unknown,5,39.99,5.7,188.55,3.22
ORD_01457,CUST_0156,2026-05-02,54,Citrus Squeezer Yellow,kitchen-accessories,Unknown,1,8.99,12.1,7.9,4.63
ORD_01458,CUST_0036,2026-01-28,46,Plant Pot,home-decoration,Unknown,2,14.99,6.84,27.93,3.01
ORD_01459,CUST_0247,2026-06-03,25,Green Bell Pepper,groceries,Unknown,2,1.29,0.16,2.58,3.25
ORD_01460,CUST_0264,2026-05-08,4,Red Lipstick,beauty,Chic Cosmetics,2,12.99,12.16,22.82,4.36
ORD_01461,CUST_0234,2026-01-02,100,Apple Airpods,mobile-accessories,Apple,3,129.99,15.54,329.37,4.15
ORD_01462,CUST_0263,2026-05-02,17,Beef Steak,groceries,Unknown,1,12.99,9.61,11.74,4.47
ORD_01463,CUST_0182,2026-04-17,6,Calvin Klein CK One,fragrances,Calvin Klein,1,49.99,1.89,49.05,4.37
ORD_01464,CUST_0077,2026-04-16,69,Plate,kitchen-accessories,Unknown,3,3.99,7.31,11.09,3.65
ORD_01465,CUST_0143,2026-05-06,37,Red Onions,groceries,Unknown,2,1.99,9.9,3.59,4.2
ORD_01466,CUST_0155,2026-02-07,60,Grater Black,kitchen-accessories,Unknown,3,10.99,3.56,31.8,3.21
ORD_01467,CUST_0274,2026-06-08,57,Fine Mesh Strainer,kitchen-accessories,Unknown,4,9.99,3.5,38.56,3.04
ORD_01468,CUST_0278,2026-03-26,67,Mug Tree Stand,kitchen-accessories,Unknown,4,15.99,9.25,58.04,2.64
ORD_01469,CUST_0222,2026-01-16,33,Mulberry,groceries,Unknown,4,4.99,12.87,17.39,4.95
ORD_01470,CUST_0275,2026-01-03,25,Green Bell Pepper,groceries,Unknown,4,1.29,0.16,5.15,3.25
ORD_01471,CUST_0047,2026-02-10,99,Amazon Echo Plus,mobile-accessories,Amazon,5,99.99,12.07,439.61,4.99
ORD_01472,CUST_0040,2026-01-31,82,New DELL XPS 13 9300 Laptop,laptops,Dell,5,1499.99,11.89,6608.21,2.67
ORD_01473,CUST_0200,2026-03-17,29,Juice,groceries,Unknown,4,3.99,12.06,14.04,3.94
ORD_01474,CUST_0038,2026-05-24,33,Mulberry,groceries,Unknown,3,4.99,12.87,13.04,4.95
ORD_01475,CUST_0007,2026-06-07,96,Rolex Cellini Moonphase,mens-watches,Rolex,4,12999.99,17.52,42889.57,2.58
ORD_01476,CUST_0280,2026-05-20,16,Apple,groceries,Unknown,1,1.99,12.62,1.74,4.19
ORD_01477,CUST_0057,2026-06-14,15,Wooden Bathroom Sink With Mirror,furniture,Bath Trends,3,799.99,8.8,2188.77,3.59
ORD_01478,CUST_0239,2026-03-02,52,Carbon Steel Wok,kitchen-accessories,Unknown,1,29.99,6.53,28.03,4.05
ORD_01479,CUST_0207,2026-01-03,16,Apple,groceries,Unknown,3,1.99,12.62,5.22,4.19
ORD_01480,CUST_0098,2026-06-14,25,Green Bell Pepper,groceries,Unknown,4,1.29,0.16,5.15,3.25
ORD_01481,CUST_0044,2026-06-24,80,Huawei Matebook X Pro,laptops,Huawei,4,1399.99,9.38,5074.68,4.98
ORD_01482,CUST_0274,2026-04-17,11,Annibale Colombo Bed,furniture,Annibale Colombo,4,1899.99,8.57,6948.64,4.77
ORD_01483,CUST_0034,2026-04-08,26,Green Chili Pepper,groceries,Unknown,5,0.99,1.0,4.9,3.66
ORD_01484,CUST_0102,2026-02-21,33,Mulberry,groceries,Unknown,5,4.99,12.87,21.74,4.95
ORD_01485,CUST_0048,2026-02-02,58,Fork,kitchen-accessories,Unknown,5,3.99,8.07,18.34,3.11
ORD_01486,CUST_0077,2026-04-28,47,Table Lamp,home-decoration,Unknown,1,49.99,7.09,46.45,3.55
ORD_01487,CUST_0077,2026-06-17,13,Bedside Table African Cherry,furniture,Furniture Co.,2,299.99,19.09,485.44,2.87
ORD_01488,CUST_0281,2026-05-28,51,Boxed Blender,kitchen-accessories,Unknown,3,39.99,7.26,111.26,4.56
ORD_01489,CUST_0059,2026-05-08,66,Microwave Oven,kitchen-accessories,Unknown,4,89.99,12.13,316.3,4.82
ORD_01490,CUST_0066,2026-06-07,72,Slotted Turner,kitchen-accessories,Unknown,4,8.99,13.35,31.16,3.4
ORD_01491,CUST_0053,2026-02-20,62,Ice Cube Tray,kitchen-accessories,Unknown,5,5.99,0.63,29.76,4.71
ORD_01492,CUST_0224,2026-04-20,10,Gucci Bloom Eau de,fragrances,Gucci,4,79.99,14.39,273.92,2.74
ORD_01493,CUST_0058,2026-02-13,7,Chanel Coco Noir Eau De,fragrances,Chanel,4,129.99,16.51,434.11,4.26
ORD_01494,CUST_0150,2026-04-09,7,Chanel Coco Noir Eau De,fragrances,Chanel,5,129.99,16.51,542.64,4.26
ORD_01495,CUST_0280,2026-04-20,17,Beef Steak,groceries,Unknown,2,12.99,9.61,23.48,4.47
ORD_01496,CUST_0182,2026-05-28,80,Huawei Matebook X Pro,laptops,Huawei,5,1399.99,9.38,6343.35,4.98
ORD_01497,CUST_0043,2026-04-09,31,Lemon,groceries,Unknown,5,0.79,9.7,3.57,3.53
ORD_01498,CUST_0261,2026-03-27,57,Fine Mesh Strainer,kitchen-accessories,Unknown,1,9.99,3.5,9.64,3.04
ORD_01499,CUST_0248,2026-02-07,66,Microwave Oven,kitchen-accessories,Unknown,1,89.99,12.13,79.07,4.82
ORD_01500,CUST_0257,2026-01-18,98,Rolex Submariner Watch,mens-watches,Rolex,4,13999.99,5.05,53171.96,2.69
